<?xml version="1.0" encoding="utf-8"?>
<tei:TEI xml:id="slk2012842" xml:lang="slk" xmlns="http://www.tei-c.org/ns/1.0" xmlns:eltec="http://distantreading.net/eltec/ns" xmlns:tei="http://www.tei-c.org/ns/1.0">
 <tei:teiHeader>
  <tei:fileDesc>
   <tei:titleStmt>
    <tei:title>
     Čierne a biele šaty : ELTeC edícia
    </tei:title>
    <tei:author ref="viaf:19713382">
     Kubáni, Ľudoví (1830 - 1869)
    </tei:author>
    <tei:respStmt>
     <tei:resp>
      editor
     </tei:resp>
     <tei:name>
      Marek Vician
     </tei:name>
    </tei:respStmt>
   </tei:titleStmt>
   <tei:extent>
    <tei:measure unit="words">
     2960
    </tei:measure>
   </tei:extent>
   <tei:publicationStmt>
    <tei:p/>
   </tei:publicationStmt>
   <tei:sourceDesc>
    <tei:bibl type="printSource">
     <tei:author>
      Kubáni, Ľudoví
     </tei:author>
     <tei:title>
      Čierne a biele šaty
     </tei:title>
     <tei:pubPlace>
      Bratislava
     </tei:pubPlace>
     <tei:publisher>
      Kalligram
     </tei:publisher>
     <tei:date>
      2012
     </tei:date>
    </tei:bibl>
    <tei:bibl type="firstEdition">
     <tei:author>
      Kubáni, Ľudoví
     </tei:author>
     <tei:title>
     </tei:title>
     <tei:pubPlace>
     </tei:pubPlace>
     <tei:publisher>
     </tei:publisher>
     <tei:date>
      1861
     </tei:date>
    </tei:bibl>
   </tei:sourceDesc>
  </tei:fileDesc>
  <tei:encodingDesc n="eltec-1">
   <tei:p/>
  </tei:encodingDesc>
  <tei:profileDesc xmlns:eltec="http://distantreading.net/eltec/ns">
   <tei:langUsage>
    <tei:language ident="slk"/>
   </tei:langUsage>
   <tei:textDesc>
    <eltec:authorGender key="M"/>
    <eltec:size key="short"/>
    <eltec:canonicity key="unspecified"/>
    <eltec:timeSlot key="T2"/>
   </tei:textDesc>
  </tei:profileDesc>
  <tei:revisionDesc>
   <tei:change when="2025-01-28">
    Initially created as an ELTeC file
   </tei:change>
  </tei:revisionDesc>
 </tei:teiHeader>
 <tei:text>
  <tei:front>
   <tei:div type="titlepage">
    <tei:head>
     <tei:hi>
      Čierne a biele šaty
     </tei:hi>
    </tei:head>
    <tei:head/>
   </tei:div>
  </tei:front>
  <tei:body>
   <tei:p>
    Práve v siedmom roku môjho manželstva stojím – a sedem, to je   sväté numero. Premýšľam, ako by mal tomuto číslu ohľadom môjho   manželstva viac svätosti dodať... ach – hútam – najlepšie ho zasvätím   vyrozprávaním tragikomickej histórie – mojej ženby.
   </tei:p>
   <tei:p>
    Bola to skutočne mimoriadna udalosť, i ohľadom jej vývinu a   okolností, i ohľadom prostriedku a samého výsledku.
   </tei:p>
   <tei:p>
    Ja som vôbec v celom mojom živote mal mnoho malérov, a neminuli ma   ani v procese mojej lásky. Ukážku z toho som už podal v mojom   svätojánskom dobrodružstve
    <tei:emph>
     Hlad a láska
    </tei:emph>
    v
    <tei:emph>
     Lipe
    </tei:emph>
    uverejnenom. (Sám už neviem, z akej príčiny som tam   vystúpil pseudonymne pod menom Stupický; bo, ako vidíte, moje   opravdivé meno – ako to navrchu mojej smutnoresky stojí – je   Hladovanský.) Ale že sa moja ženba sama najväčším dobrodružstvom   stane, to som ani zďaleka nemyslel. – I teraz som v pochybnostiach:   či dakto na svete romantickejšie zavesloval do raja manželstva než ja   – a či dakomu romantickosť ženby väčšmi na takzvaných materiálnych   výhodách uškodila než mne, aspoň doteraz... lebo bohvie, skade ešte   na mňa dedičstvo môže pripadnúť! (Úprimne vyznám: zišlo by sa, a to   hneď.)
   </tei:p>
   <tei:p>
    Teraz... keď si moju ženbu predstavím, je mi i do smiechu.   Skutočne! Plakať nemôžem, lebo mi Boh doprial dobrú žienku, a to   takým spôsobom, ako nikomu na svete. – Zato, že som ja moju Milicu   vydával a ona ma ženila, už teraz v siedmom roku po tejto mimoriadnej   udalosti nariekať nebudem. Vtedy mi síce bolo aj trocha do plaču (môj   antagonista administrátor Korunka – videas „
    <tei:emph>
     Lipa
    </tei:emph>
    “ I.   ročník – ktorý ma sobášil, táral pred svetom, že som sa maznal ako   malé dieťa a že mi z ručníka slzy ako vodu žmýkali), ach, ale to bolo   dávno, a niektorí ľudia vravia, že čo sa dávno stalo, to je ani nie   pravda. Teraz sa však smejem, smejem od hladu (to je môj jediný   pokušiteľ, ktorého sa neviem zbaviť) a aby som žalúdok mojich detí –   sú už, úbožatá, dve – uspokojil, rozprávam im moju romantickú   ženbu.
   </tei:p>
   <tei:p>
    Bolo to roku... dosť na tom, bolo to pred šiestimi rokmi (teraz   sme v siedmom), ako som sa ja po dlhej patvarii diurnistva,   akcesistva, koncipistva (všetko extra statum a s denným platom od 45   gr. do 1 zl.) dostal za takzvaného okolného notára do čisto číro   maďarského okresu s ročným platom 36o zl. str. (Tento úrad, o ktorom   asi ani sám všemohúci a vševedúci pán exminister Bach nevedel –   dôkazom čoho tá okolnosť, že nás bez Abfertigungu na pašu poslali –   bol kliešte, ktorými páni civilizátori vyberali z ohnivej vatry   občianskej nespokojnosti pečené gaštany v spôsobe porcie, akcízov,   zuschlagov atď.)
   </tei:p>
   <tei:p>
    „No“, myslím si, „Stano Hladovanský, teraz si už pri cieli!...   Zriaď dom svoj! Ožeň sa! Vymeň slovo dané Milici, svojej ľúbenici...   Priprav hniezdo domáceho rodinného života... strepoc krídelkami   lásky... a zaleť pre družicu Milicu!...“
   </tei:p>
   <tei:p>
    A vskutku – keď som sám neletel, letelo písmo k nej – oznamujúc   jej šťastný prevrat mojich okolností a môj skorý príchod v sprievode   skutočného pytača.
   </tei:p>
   <tei:p>
    Nebožka Milica! Predstavte si, ako táto radostná správa na ňu   účinkovala, na ňu, ktorej matka asi pred pol rokom bola zomrela; na   ňu sirotu, ktorej otec už od sedem rokov v hrobe hnil. Má brata –   dobrého brata; mala sestry – dobré sestry... ach! ale pri tom všetkom   bola sirota.
   </tei:p>
   <tei:p>
    O pár dní prikvitol som s pytačom pešky do domu Slavatinských.   Druhí chodia v ohľady a na pytačku na voze. Mne nebolo tohto luxusu   dopriate – prečo? Preto, že som bol a som omine et nomine   Hladovanský! Lenil som sa – a grajciara nebolo v kešeni; v takomto   páde však človek ozaj musí gazdovať a všetkých pomp sa odriecť. Ako   hovorím, prikvitli sme s pytačom pešky, nedbajúc nič na skrčené nosy,   ovisnuté úškľabné gamby, potupné pohľady, ktorými nás naši známi k   cieľu našej návštevy sprevádzali. „Vysmievajte sa,“ myslel som si,   „nedbám ja nič, len sa ja ožením.“ S výrazom nevýslovnej potechy však   prijala nás Milica. A keď jej brat ako tútor svoje udobrenie našej   svadby vyslovil, padli sme si do náručia a poľúbili sa prvým bozkom   vyslyšanej, uskutočňujúcej sa lásky. Dve mladuchy sa prizerali na   výjav tento... s výrazom oka zápalistým, sladkým – tak sa mi v mojej   blaženosti zdalo.
   </tei:p>
   <tei:p>
    „A o tri týždne sobáš,“ prehovoril pytač.
   </tei:p>
   <tei:p>
    „Krátky to čas – sestra sa musí štafírovať,“ odvetil Milicin   brat.
   </tei:p>
   <tei:p>
    Nám sa aj tri týždne dlhými byť videli.
   </tei:p>
   <tei:p>
    „Ach, Artur!“ zamiešal som sa, „napozajtre v S. jarmok, štafírung   hotový… tri týždne jednako dlhý čas... chcem to skrátiť s   dišpenzáciou.“
   </tei:p>
   <tei:p>
    Artur sa usmial a posadil pytača i mňa ku stolu.
   </tei:p>
   <tei:p>
    Jedli sme, pili sme, radovali a tešili sme sa – vysluhovali nás   tri Grácie. „No, Stano,“ hútal som sám v sebe, „to sa dobré darí,   bude že to za svadba.“
   </tei:p>
   <tei:p>
    Na tretí deň bol v S... jarmok. V mojom byte – pretože som sa ešte   vtedy v S... zdržoval – prechádzal som sa netrpezlivo hore-dolu,   čakajúc príchod môjho budúceho švagra a mojej Milice. Neprichádzal   nikto – naveľa sa zjavila vo dverách moja matka.
   </tei:p>
   <tei:p>
    „Akože si, syn môj! Či už Artur a jeho sestra Lujza boli u   teba?“
   </tei:p>
   <tei:p>
    „Nebola, mamka, nebola – hádam ešte nedošli.“
   </tei:p>
   <tei:p>
    „Došli, syn môj! Lujza teraz kupuje pre tvoju snúbenicu čierne   sobášne šaty, čierny čepiec – a flóry.“
   </tei:p>
   <tei:p>
    „Nerozumiem ich... k sobášu čierne šaty, čepiec a flóry?“
   </tei:p>
   <tei:p>
    „Áno, syn môj! Samej mi to divné, ale je tak. Že vraj to Artur   žiada, aby ste sa v smútku sobášili.“
   </tei:p>
   <tei:p>
    „Svadba a smútok!“ pomyslel som si, „inšie ani netreba!   Najradostnejší okamih môjho života mám zasvätiť s emblémami smútku –   to bude ozaj komédia!“
   </tei:p>
   <tei:p>
    Ja som človek hlavatý (veľká to chyba, keby to nie, azda by sa mi   v svete lepšie vodilo; potešujem sa však tým, že hlavatosť bez hlavy   nemôže byť); v smútku som sa nechcel sobášiť kvôli nikomu... Radšej   koniec všetkému, ako takýto sobáš.
   </tei:p>
   <tei:p>
    Sotva ma matka nechala, vstúpil dnu Artur.
   </tei:p>
   <tei:p>
    Ako vždy, i teraz hral milý úsmev kolo jeho úst. Okolo mojich   istotne inakší hral.
   </tei:p>
   <tei:p>
    „Či je pravda, Artur, že nás chceš dať sobášiť v smútku?“   dopytoval som sa horkým ako blen hlasom.
   </tei:p>
   <tei:p>
    „Prečo nie, Stanko?! Pamiatku pred pol rokom zomrelej matky musí   moja sestra uctiť; ja žiadam sobáš v smútku – alebo nič.“
   </tei:p>
   <tei:p>
    „No ja žiadam sobáš primerane veselý – alebo nič!“ odsekol som   skrátka.
   </tei:p>
   <tei:p>
    „Tak je darmo, zostaneme pri ničom!“
   </tei:p>
   <tei:p>
    „Áno, pri ničom! Ja sa vašej pikantnej žiadosti nikdy nepodvolím!“   (Ubohá Milica!)
   </tei:p>
   <tei:p>
    „Vy ste teda moju sestru nikdy neľúbili?“
   </tei:p>
   <tei:p>
    „Hahaha, neľúbil!“ zasmial som sa horko. „Radšej smrť než bez nej   žiť – ale ešte raz vás uisťujem, že vašej smiešnej žiadosti na žiaden   pád nemám v úmysle sa podrobiť.“
   </tei:p>
   <tei:p>
    „Domine Hladovanský! Vy ste mnoho románov čítali,“ preriekol Artur   vážne, „nemám vôľu obetovať moju sestru vášmu rozmaru a hlavatosti, s   ktorou sa vašej ľúbosti pre málo významnú, ale slušnú formu   odriekate. Ďakujem Bohu, že som vás poznal – s mojou vôľou moja   sestra nikdy nebude vaša... či ma rozumiete?“
   </tei:p>
   <tei:p>
    S tým zmizol, nechajúc ma stáť ako skameneného.
   </tei:p>
   <tei:p>
    „Rozumiem vás, pán Artur, rozumiem! Istotne na štafírung nervus   rerum chýba!“ zamrmlal som sám v sebe a pustil som sa po izbe do   divého behu. „Ach, nazývate ma romantikom: Dobre i tak! Vám na truc   ožením sa romantickým spôsobom. Ukážem vám, že ešte časy   dobrodružného rytierstva nezapadli; i proti vašej vôli – ukradnem vám   Milicu.“
   </tei:p>
   <tei:p>
    Samému sa mi tento plán zapáčil; hoc som aj bol akokoľvek   rozbúrený, zasmial som sa ako dieťa, keď sa mu dačo po vôli stane – i   hútal som hneď o spôsoboch, ako uskutočniť tento plán.
   </tei:p>
   <tei:p>
    Vtom sa vrátila moja matka.
   </tei:p>
   <tei:p>
    „Akože ste s Arturom?“ dozvedala sa ona.
   </tei:p>
   <tei:p>
    „Nijak – svadba sa rozsypala, žiaden sme nechceli popustiť.“
   </tei:p>
   <tei:p>
    „Úbohá Milica!“ zašepkala ona.
   </tei:p>
   <tei:p>
    „Ona bude a musí byť mojou!“ zvolal som vášnivo a vyložil som jej   môj dobrodružný úmysel.
   </tei:p>
   <tei:p>
    „Všetko pekne, syn môj! Na hlavnú vec si však predsa zabudol.“
   </tei:p>
   <tei:p>
    „A prosím ťa, čo by to bolo?“
   </tei:p>
   <tei:p>
    „Nič inšie, syn môj, ako Milicin súhlas s tvojím plánom, lebo ju   nasilu len nechceš uniesť?“
   </tei:p>
   <tei:p>
    Richtig... to bola prvá a predôležitá prekážka. Násilu Milicu   uniesť, to nešlo – natoľko som nebol romantický rytier; možno preto,   že som sa bál istých paragrafov kriminálneho kódexu. Pomohla mi   dilema.
   </tei:p>
   <tei:p>
    Milica ma alebo ľúbi, alebo nie. Keď áno, pôjde dobrovoľne so mnou   aj na koniec sveta, lebo to i Písmo sväté káže, nechať otcovský dom a   ísť za mužom svojím; keď nie, no tak len i ja i ona vyhrá, že sme sa   zavčasu rozišli.
   </tei:p>
   <tei:p>
    Naproti tomuto rozumovaniu ani matka nemala nič.
   </tei:p>
   <tei:p>
    „Pred sobášom ju však predsa neunesieš?“ odvetila ďalej. „A aby   ste sa zosobášiť mohli, musia byť ohlášky. Ohlášky však vieš k akému   sú cieľu, aby sa prekážky manželstva zavčasu mohli oznámiť. Merkuj   však, aby ti Artur dáke nepredniesol pred patričným kňazom.“
   </tei:p>
   <tei:p>
    „Ach, toho sa nebojím – netreba tu ohlášok – múdry vynález, tie   dišpenzácie tieto si zajtra vykonám. Nadsirotenské povolenie už mám v   ruke.“
   </tei:p>
   <tei:p>
    „A kelčík k svadbe?“
   </tei:p>
   <tei:p>
    „Na konci kyjak!“ pomyslel som si. „Toto je najhlavnejšia   prekážka. Kreditu mal som málo, rodičia chudobní – a ako u   nastávajúceho gazdu, bolo u mňa pusto, prázdno všade. Moje doterajšie   diurná mi sotva na odev a pokrm dostačovali. Artur istotne nič nedá –   ba od neho by ani neprijal. Keď to má byť, nech bude naozaj po   rytiersky. Eh bien! Ani rytieri nič nemali a smelo sa pustili do   šíreho sveta – prečo nie ja romanticus na oceán manželstva?“
   </tei:p>
   <tei:p>
    A tak prekážky nebolo žiadnej.
   </tei:p>
   <tei:p>
    Večerom druhého dňa zjavil som sa v dedine, kde rodina moja   bývala. Ako človek planého svedomia obzízal som kolo Slavatinských   domu z úkrytu záhrady, čakajúc na príležitosť zjavenia sa   Milice. Každého šustu som sa lákal, v strachu, že sa predo mnou zjaví   vážna postava Artura v podobe pomstiaceho sa anjela a mňa zo záhrady   – raja to mnohých zažitých ľúbostných chvíľ – nevyženie, ale za   golier vyhodí.
   </tei:p>
   <tei:p>
    Zdalo sa mi, že sa mi i mesiac vysmieva. Ten šuhaj, ktorého   niektorí básnici volajú priateľom zaľúbencov, škúlil na mňa spoza   oblakov tak uštipačným, satirickým zrakom, ako čo by si bol vypožičal   nadnes pravé líce Demokrita.
   </tei:p>
   <tei:p>
    Po chvíľke sa otvorili na záhrade dvercia a postava Milicina sa   vznášala do útulu zatieneného hustým lístím jabloňovej plánky.
   </tei:p>
   <tei:p>
    Vzdychala – slzila – istotne sa dozvedela o všetkom. „Milica!   Prišiel som si pre prsteň!“ zašuškal som nad ňou, keď som sa k jej   blízkosti bol prikradol. Pozrela na mňa a striasla sa.
   </tei:p>
   <tei:p>
    „Urob to kvôli Arturovi, urob, on mi je druhým otcom!“
   </tei:p>
   <tei:p>
    „A ja ti mám byť mužom – spoločníkom až po hrob – voľ si! Alebo   Artur, alebo ja!“ (Úbohá bola v položení svätého Otca: alebo Napoleon   – alebo Antonelli.)
   </tei:p>
   <tei:p>
    „A nepopustíš, Stano? Nedáš mi prvý dôkaz lásky k vyslyšaniu mojej   prosby?“
   </tei:p>
   <tei:p>
    „Nemožno – nechcem byť hrdinom papúč. Rozhodni sa! Ak ma ľúbiš,   buď družkou môjho osudu; keď nie, vráť mi prsteň!“
   </tei:p>
   <tei:p>
    „A ty žiadaš, aby som pamiatku mojej matky zneuctila? Nie!   Nemožno! To nespravím!“
   </tei:p>
   <tei:p>
    „Blázonko! Nezneuctíš tú pamiatku: obleč sa v biele šaty k svätému   obradu sobáša. Je to odznak nevinnosti a polosmútku. Len čiernej   farbe a flórom daj pokoj!“
   </tei:p>
   <tei:p>
    Ona sa usmiala, kývla hlavou a zašepotala sladko:
   </tei:p>
   <tei:p>
    „Stano! Môj hlavatý Stano! Pôjdem s tebou, kdekoľvek ma   povedieš.“
   </tei:p>
   <tei:p>
    A vskutku, na druhý deň ráno šla so mnou v sprievode jednej starej   matróny do S..., kde sme ohľadom na dišpenzáciu zložili prísahu,   oslobodiac sa týmto spôsobom od ohlášok.
   </tei:p>
   <tei:p>
    Sobáš sme určili hneď na budúcu nedeľu. Do tých čias mala Artura   nakloniť k mieru – čo som i ja sproboval, napíšuc mu list, kde som mu   oznámil naše ustálenie ohľadom šiat. Neodpovedal nič na dôkaz toho,   že nesúhlasí – a tak nezostalo inšie, ako skutočný únos.
   </tei:p>
   <tei:p>
    V prapodivných myšlienkach približoval som sa, keď deň sobášu bol   svitol, k osade, v ktorej čakalo na mňa a Milicu kňazské požehnanie.   Moji svedkovia sedeli takže popri mne na vozíku, ako keby ma na   popravisko sprevádzali. Chceli sme žartovať nedajbože! Nešlo to.   Každý Mádel, a obzvlášte ja, do budúcnosti. Vyzerali sme asi ako   „Ritteri von der traurigen Gestal“ lenže Sancho Pansa chýbal. I nebo   cedilo slzy – bol to pošmúrny novembrový deň – skutočný „čierny   november“, ako ho Francúzi volajú. Neraz prebehol popred náš voz   vyplašený zajac, čo nás, stredovekých romantikov, naplňovalo nemalým   strachom o výsledok našej cesty. Miesto obligátnej svadobnej muziky   kvákali nad nami vrany a kavky v tak ľubozvučnom koncerte, že sme si   zapchávali uši. Dedinami nás sprevádzal štekot vzbúrených psov – a   tak to šlo všade, kým sme sa horko-ťažko, umoknutí ako sysle,   nedostali pred ***-ský hostinec.
   </tei:p>
   <tei:p>
    Práve bilo desať hodín, sobáš mal byť o jedenástej.
   </tei:p>
   <tei:p>
    Šmarili sme sa do gály – a ja som hostinského zavolal na   stranu.
   </tei:p>
   <tei:p>
    „Či hotujú obed pre mojich svadobníkov, pán Trúba?“
   </tei:p>
   <tei:p>
    „Áno – osoba 2 zl. v striebre“ – hotuje sa pre dvadsiatich   štyroch.
   </tei:p>
   <tei:p>
    „To je veľa – nebude nás, len dvanásť!“ poznamenal som prestrašene   a chytil som sa vačku, v ktorom nebolo výplatku ani pre tri osoby.   „Apropos, pán Trúba, či nás u Slavatinských čakajú?“
   </tei:p>
   <tei:p>
    Pán hostinský zachytil ústa dlaňou – istotne, aby som   nespozoroval, ako sa smeje.
   </tei:p>
   <tei:p>
    „Čakajú ver, čakajú – ani ich vyčkať nevedia!“
   </tei:p>
   <tei:p>
    „No, keď je tak, páni moji, poďme! Nechcel by som, že by boli o   náš príchod v netrpezlivej starosti.“
   </tei:p>
   <tei:p>
    „O to nech sa neboja!“ riekol potuteľne pán Trúba. „Úprimne im   radím, aby tu k raňajkám dačo užili.“
   </tei:p>
   <tei:p>
    Tieto slová sme už ledva dopočuli. Sprevádzaní zvedavým húfom   ľudu, ponáhľali sme sa do svadobného domu. A ticho, hlucho bolo v   svadobnom dome – ako v príbytku, kde mŕtvola leží.
   </tei:p>
   <tei:p>
    Ja som v mrazivom tušení vecí, ktoré majú nasledovať, obliekal   moje vnútornosti v pancier neciteľnosti.
   </tei:p>
   <tei:p>
    Mojim svedkom drkotali zuby – neviem, či následkom mokrého   povetria, či v bázni neistoty budúcich vecí.
   </tei:p>
   <tei:p>
    „Oh, oh, ťažký to únos!“ zamrmlal som sám v sebe, i vstúpili sme   dnu.
   </tei:p>
   <tei:p>
    Ináč som sa nenazdal, ako že vážna postava Artura zamedzí nám s   výrokom kliatby vstup do chyže.
   </tei:p>
   <tei:p>
    Nestalo sa – chyža bola prázdna, zrkadlo flórom zatiahnuté, obrazy   naopak k stenám obrátené – a na stole veľký, hrubý zapečatený list v   podobe embalovanej knihy.
   </tei:p>
   <tei:p>
    Ja a moji svedkovia pozreli sme si do očí.
   </tei:p>
   <tei:p>
    Škoda, že nebolo maliara – per se v manieri Hogarthovom – aby bol   zvečnil smutno-smiešny výraz našich tvárí.
   </tei:p>
   <tei:p>
    „Mein lieber Hladovanský, hier schaut es traurig und schlecht   aus!“ preriekol naostatok jeden z mojich svedkov uštipačným hlasom.   (Bol to jeden úd civilizátorskej spoločnosti – inak znamenitý   chlapina.)
   </tei:p>
   <tei:p>
    Ja som mrdol plecom ako zatvrdilý hriešnik, keď mu sentenciu   čítajú.
   </tei:p>
   <tei:p>
    Druhý svedok – takže civilizátor – priblížil sa medzi tým k stolu,   nahol sa nad zapečatený balík a skríkol:
   </tei:p>
   <tei:p>
    „Es ist an Sie adressiert, Herr Brautigam!“ a podal mi víťazne na   štyri palce hrubý list. Vskutku – adresa znela mne.
   </tei:p>
   <tei:p>
    „No, meine Herren! Tu istotne leží rozlúštenie záhady; dovoľte,“ i   ukloniac sa svedkom, otvoril som balík.
   </tei:p>
   <tei:p>
    Ukázala sa kniha a v nej lístok, v ktorom bolo napísané:
   </tei:p>
   <tei:p>
    „Pane! Aby ste za dedičstvom mojej sestry Milice veľmi nepachtili,   vydávam vám ho hneď a to v podobe sem pripojenej knihy, ktorú Vy   istotne najlepšie potrebujete.
   </tei:p>
   <tei:p>
    Artur m. p.“
   </tei:p>
   <tei:p>
    Otvorím knihu... „Ach!“ skríknem tragikomickým hlasom „Umgang mit   Menschen von Baron Knigge!“
   </tei:p>
   <tei:p>
    „Richtig!“ zvolali oba svedkovia.
   </tei:p>
   <tei:p>
    Každý si môže predstaviť, ako mi bolo kolo srdca. Či sa   smiať, či plakať, či sa hnevať – či čo – sám som nevedel. (Moji   svedkovia mi potom povedali, že sa mi v tom okamihu tvár smiala – a z   očí perlili slzy.)
   </tei:p>
   <tei:p>
    „Na sobáš zvonia, na sobáš zvonia!“ kričal húf pred domom, ktorý   nás bol z hostinca sprevádzal.
   </tei:p>
   <tei:p>
    Skutočne! Nedočkavý Korunka dal už k sobášu vyzváňať a mladej   nevesty nebolo.
   </tei:p>
   <tei:p>
    „Pekne sme!“ šomral som zúfale a prial som si ten báječný kepeň,   do ktorého keď sa človek zavinie, v okamihu sa tam nachodí, kde si   sám zažiada.
   </tei:p>
   <tei:p>
    Ja som si však žiadal aspoň na tisíc míľ od svadobného domu.
   </tei:p>
   <tei:p>
    Vtom sa však otvorili bočné dvere – i vstúpila bledým svetlom   zorničky v tvári zaliata, v bielom talári cherubov utešene zavinutá,   v čiernom smútku oblečenou tetkou sprevádzaná Milica, podala mi   snehobielu rúčku – i vznášala sa vedľa môjho boku do chrámu.
   </tei:p>
   <tei:p>
    Keď som z izby kráčal, obzrel som sa. Sprevádzali ma dve čierne   oči, ohnivé ako rozpálené uhlíky – oči Lujzy.
   </tei:p>
   <tei:p>
    „Koniec románu – nastáva próza, próza života!“ vzdychol som po   sobáši – sprevádzajúc Milicu k hostincu, pred ktorým už stálo pár   vozov, dopravivších moju rodinu.
   </tei:p>
   <tei:p>
    I nasledovala velikánska hostina. Pán Trúba sa dosvedčil hodným   svojho vychýreného hostiteľského mena. Múdro rátal – zhromaždilo sa   nie dvanásť, ale do štyriadvadsať osôb hodovníkov. Inkognito mojej   svadby sa neudržalo, čo som veľmi ľutoval. Vína výborné podľa chuti –   každý toast rečou sladký a dvorný dotýkal sa horko a nezdvorile môjho   vačku. Prial som si mlynček, čo dukáty melie – alebo aspoň kreditu.   Mlynček sa neukazoval; škoda báječných časov; takýto deux ex machina   teraz ani v múzeách nie je, nie to, žeby sa v hocktorom hostinci   zjavil.
   </tei:p>
   <tei:p>
    „Eh, sprobujem s kreditom!“ dodával som si chuti a po skončenom   obede pozval som pána Trúbu nabok.
   </tei:p>
   <tei:p>
    „Pane! Ja som vo veľkých ťažkostiach...“
   </tei:p>
   <tei:p>
    „Ach, ach! Prosím, čože rozkážu? Či snáď málo vína? Či sa bude   snáď páčiť šampaner? Mám dobrý, naozajstný, opravdivý   francúzsky.“
   </tei:p>
   <tei:p>
    „Ďakujem... nie! Dosť nám je, ale...“
   </tei:p>
   <tei:p>
    „Či hodlajú tu nocovať?... Ach, skutočne, tam von sa veľmi cedí –   hneď rozkážem večeru.“
   </tei:p>
   <tei:p>
    „Nie, prosím, nie! Pôjdeme my v slote – ale...“
   </tei:p>
   <tei:p>
    „Ľutujem, že sa tak ponáhľajú... ostatne im azda dačo chýba?“
   </tei:p>
   <tei:p>
    „Áno, pane!“ vzdychol som sťažka, „chýbajú mi – peniaze...“
   </tei:p>
   <tei:p>
    Pán hostinský otvoril ústa a meral ma od päty do hlavy. „Hm, hm!   To je skutočne veľká chyba!“ zamrmlal naostatok.
   </tei:p>
   <tei:p>
    „Už je darmo! Dočkať musia... veľmi som sa vytrovil ako vidia,   vydávam si ženu a ona mňa žení, jedným slovom: obidvaja nemáme   nič!“
   </tei:p>
   <tei:p>
    I poľutoval nás pán Trúba a dočkal, kým sme ho z prvej angarie   mojej novej služby nevyplatili.
   </tei:p>
   <tei:p>
    Ach... a v siedmy rok po týchto udalostiach sa i služba minula, i   svedkovia môjho sobáša sa roztratili po svete (istotne sú dakde na   Morave), i pán Trúba zanechal hostinec, i ja som sa odriekol   romantiky a preberám sa v dedičstve mojej ženy, v knihe to baróna   Kniggeho: „Umgang mit Menschen“... A čo je všetkému tomu príčina? I   pán Bach, i veľké árendy, nadovšetko ale „čierne a biele šaty“!
   </tei:p>
  </tei:body>
 </tei:text>
</tei:TEI>
