<?xml version="1.0" encoding="utf-8"?>
<tei:TEI xml:id="slk1922809" xml:lang="slk" xmlns="http://www.tei-c.org/ns/1.0" xmlns:eltec="http://distantreading.net/eltec/ns" xmlns:tei="http://www.tei-c.org/ns/1.0">
 <tei:teiHeader>
  <tei:fileDesc>
   <tei:titleStmt>
    <tei:title>
     Skon Paľa Ročku : ELTeC edícia
    </tei:title>
    <tei:author ref="viaf:14806974">
     Slančíkova-Timrava, Božena (1867 - 1951)
    </tei:author>
    <tei:respStmt>
     <tei:resp>
      editor
     </tei:resp>
     <tei:name>
      Marek Vician
     </tei:name>
    </tei:respStmt>
   </tei:titleStmt>
   <tei:extent>
    <tei:measure unit="words">
     9827
    </tei:measure>
   </tei:extent>
   <tei:publicationStmt>
    <tei:p/>
   </tei:publicationStmt>
   <tei:sourceDesc>
    <tei:bibl type="printSource">
     <tei:author>
      Slančíkova-Timrava, Božena
     </tei:author>
     <tei:title>
      Skon Paľa Ročku
     </tei:title>
     <tei:pubPlace>
      Turčiansky Sv. Martin
     </tei:pubPlace>
     <tei:publisher>
      Tatran
     </tei:publisher>
     <tei:date>
      1922
     </tei:date>
    </tei:bibl>
   </tei:sourceDesc>
  </tei:fileDesc>
  <tei:encodingDesc n="eltec-1">
   <tei:p/>
  </tei:encodingDesc>
  <tei:profileDesc xmlns:eltec="http://distantreading.net/eltec/ns">
   <tei:langUsage>
    <tei:language ident="slk"/>
   </tei:langUsage>
   <tei:textDesc>
    <eltec:authorGender key="F"/>
    <eltec:size key="short"/>
    <eltec:canonicity key="unspecified"/>
    <eltec:timeSlot key="T4"/>
   </tei:textDesc>
  </tei:profileDesc>
  <tei:revisionDesc>
   <tei:change when="2025-08-27">
    Initially created as an ELTeC file
   </tei:change>
  </tei:revisionDesc>
 </tei:teiHeader>
 <tei:text>
  <tei:front>
   <tei:div type="titlepage">
    <tei:head>
     SKON PAĽA ROČKU. ﻿
    </tei:head>
    <tei:head/>
   </tei:div>
  </tei:front>
  <tei:body>
   <tei:div type="chapter">
    <tei:head>
     ﻿I.
    </tei:head>
    <tei:p>
     Oafo Ročko ochorel. Ako dostaval dom, 1 do ktorého zakázal čo len   krokom vôjsf svojej materi, lebo ho ničím nepodporovala, ba žiadala   ešte, aby ju on opatril, on biedny a chudobný — začalo ho klaf vo   vnútornostiach a on ľahol do postele. Zuza, jeho žena, mladá, pekná   ale vždy sa žuhriaca, pozerala nevľúdne na jeho polihovanie a riekla:   „No ver’ sme pekne! Dom nový, dlhy po samé uši, a ty ideš ležať. To   je just pre chudobného človeka, aby hlivel!” „Aleže čuš! Lebo aj ty   pôjdeš predo dvere, ako mater. Či ležím z gvaltu, z rozkoše? A už by   priam pochytil niečo a ho- Paľo zazrel na ženu a zakríkol:
    </tei:p>
    <tei:p>
     ﻿dil do nej. Zuza upratuje po izbe — je ráno. Roboty má plné ruky,   ako vždy, no slová Paľove nenechá bez odpovedi. Ju vystrčiť?! Či sa   nenarobila pri dome toľko ako i on? Či nebehala za robotníkmi, za   furmanmi, či nezmárnila polovicu hábov, aby platila nájomnice, lebo   peniaze nedostačovaly — a ešte vraj predo dvere! „No vieš, to mi viac   nepovedz!” riekla rozhorlene s veľkým dôrazom v hlase. „Dom je tak   môj, ako tvoj. Keď si si ty mater vyhodil predo dvere, ja’za to   nemôžem, ale mňa nevyženieš nikdy!” „Že nikdy?!” A Paľo dvíha sa,   akoby hneď chcel dokázať, že môže to spraviť, no padne zpäť na posteľ   bezvládne. „Tvoj dom? Ani nebol ani nebude”, rečie zlostne. „Spravím   testament… na chlapca dám prepísať!” „Testament?” skrútne sa Zuza od   práce k nemu a zasmeje sa. „Vari sa umrieť sberáš, či čo? Hahaha!”   Paľo stisne zuby a neodpovie. Skrútne hlavu k stene aby ženu nevidel.   Odporný mu je jej hlas, jej smiech i celá ona. Ba 4
    </tei:p>
    <tei:p>
     ﻿i jej prítomnosť, šum jej kroku a zvuk jej práce akoby ho dráždil.   Akože jej má isť robiť, keď nevládze stáť na nohách?! Zuza od boku   pozerá po ňom. Ona tiež má v srdci proti nemu zlosť. Paľo bol vždy   nechytrý do práce, iba čo ho ona do nej posíľa. Je zo záhaľčivej   famílie a slúžil vždy. 1 teraz, že je dom hotový, bár’ by sa už len   ležalo. Na tvári jeho, pravda, badať akúsi osinalosť, možno, že mu je   i niečo, ale zato človek nemá sa dať hneď ovládať chorobe. Jajaj, ak   by tak robila aj ona! Ale ona niekedy je už čajsi v pažeráku smrti a   ešte sa predsa chamre hore. I rečie Paľovi: „Ja nedbám: lež, polihuj   a trebárs nech nám huby narastú na hlavách.” Paľo sa strhol a schytí   sa s postele. Čierne oči zablysly mu hrozivé a nenávistné. Výraz   tvári, akoby šiel človeka zabiť. Aj strpia Zuza a uchýlila sa ďalej   ku sporáku. No Paľo nejde k nej, ale rúti sa dvermi von. „A kde   ideš?” volá ona už za ním. „Najedz sa skôr a potom choď, kde chceš   isť. Fruštik sa hneď dovarí.” 5
    </tei:p>
    <tei:p>
     ﻿„Neobzrie sa-ten…” vraví si, keď Paľo len ide, ani neodpovediac.   „Už bude trucovať aj za dva dni a jedla sa mi nedotkne… „Aspoň si   chleba odkroj. No, akože ideš bez všetkého!” zavolá za ním smierlivým   hlasom. Ale Paľo nepodbá. Už vari minul ten čas, ked zvuk jej hlasu   zdal sa mu byť ako hudba váblivá, za ktorou bol by šiel za hory, cez   vody, cez oheň a každú prekážku. Vezme v pitvore pucku na plece, ide   kubíky tĺcť a nevráti sa domov do večera. Klobúk stiahol celkom na   oči, aby čím menej videl zo sveta. V krčme kúpil si dva ded rumu do   fľaštičky. Keď nebude jesť, aby čo-to dušu držalo v jeho tele.   Prešiel z dediny asi na pol kilometra, kde bolo na kraj cesty na tri   kubíky nanosené skálie, čo on so ženou nasnášal .. . Tie treba   podrvif a ešte len pol kubíka má potlčeného. Paľo nedá sa hneď do   práce. Sadne najprv na skaly; ukonal sa, kým ta prišiel — musí si   oddýchnúf. Chorý je Paľo už’ týždeň. Cíti bolesť vo vnútornostiach   tak proti srdcu. Nezná Paľo čo je to. Či sa pretrhol 6
    </tei:p>
    <tei:p>
     ﻿pri tom dome, či čo. Doktor — bol včera štepiť drobnice deťom v   dedine — povedal, že mu je to na pečeni chyba, ale čo by doktor   vedel? Peniaze darmo brať! On, Paľo, vie, že mu je to od roboty. Žena   hnala ho do nej, ako koňa . .. Paľo vyňal fľaštičku a koštoval z   rumu. Tá žena! Ako si ju vzal, päť rokov tomu, hneď prvý deň položila   kantár na jeho plecia a rajtuje na ňom, nedajúc mu oddychu. Ver’ si   inak myslel, keď si ju bral, že bude s ním. Ako sa radi mali! Takej   lásky nebolo ani na troch dedinách. Chýr jej šiel. Na celom vidieku   ich spomínali, jej bránil otec, mať aj celá rodina, sužovali, aj bili   ju a predsa nedala sa od neho odvrátiť, a on, keď ho odobrali, aby   nemusel isť za vojaka, dal si okaličiť pri rúbaní v hore pravú ruku —   dva prsty sú mu odtrhnuté — lebo sa bál, že kým bude vojakom, dotiaľ   ju vydajú za druhého. Sobrali sa potom a čo je z toho? Láska pri   biede sa minula a oni stoja proti sebe ako nepriatelia . . . Paľo   sosbiera sa so skál a chytá 7
    </tei:p>
    <tei:p>
     ﻿pucku. Ak bude len sedieť, to nespraví nič a žene neuhovie tobôž   tak, ako keby doma ležal. Lebo ona nevie inšie, len duriť do roboty.   Ako bohatí ľudia, tú náturu má aj ona, z domu si ju doniesla, nemá   ani ona pokoja, len by sháňala, shrabovala, a ako boháči, tak aj ona   naveky sa bojí, že hladom umrie, že nevyžijú; vždy je v súžení, že   veľaráz ani spať nemôže za to. On však bol naučený tak pracovať aby   mu robota neuškodila zdraviu a žena ho ešte aj chorého do práce   ženie. Už ho celého znivočila. By to kto slýchal: z holých rúk   vyrástol dom po piatich rokoch! . .. Paľo položí pucku a sadne zasa   na kubík, poutierajúc si lejúci sa mu pot s čela. V ramenách vlády   nemá ani odrobinu — robota nejde. Vytiahne fľaštičku z vrecka, aby si   glgol z toho rumu a posilnil sa trošku. No sily nepribúdalo ani od   toho; v boku bolesť sa zmáha. A Paľo cíti rastúci hnev proti každému.   Srdce jeho naplňuje sa reptaním. Načo je chudobný človek? Načo je   svet, či len aby bieda bola? Načo sú takí rodičia, 8
    </tei:p>
    <tei:p>
     ﻿Vstane Paľo, že sa chytí do práce zas. Aspoň tento započatý kubík   keby dokončil čím skôr. Peniaze sú treba, bár by už tu boly zaň. Ale   ako tlčie a telo sa striasa, bolesť zväčšuje sa tým väčšmi, Paľo zas   sadá, z úst jeho odznela zloreč. čo nenechajú nič deťom, ako s ním   spravili jeho rodičia? Celý jeho život je lopotiť, slúžiť, pracovať —   druhému … „Aj so ženou!” Či je ozaj hodna, aby sa on takto ničil? Či   ona má ľútosť nad ním? A mala voľakedy? Hneď ako sa zaň vydala,   obanovala svoj krok a odvtedy vždy na ňom sa vŕši!… Paľo zapil si z   rumu, aby horkosť prežrel. Lebo už on to vie: ona obanovala svoj   krok, že prišla z hojnosti do biedy, že nechala dobrobyt, statky,   svoju slávu a hneď, ako ju zaviedol do drevenej chalupy, ktorá sa   onedlho zrútila, zmizla jej láska k nemu!… Paľo posedel si asi za pol   hodiny a ako si oddýchol bolesť sa mu zmiernila a on začal lepšie   premýšľať o žene. Pravda, veď 9
    </tei:p>
    <tei:p>
     ﻿mu nevytýkaia nikdy nič. Trpela bez slova i keď nemali kde bývať,   keď sa museli po hospodách potĺkať. Trpela biedu, hanu, krivdu. Otec   jej nedal nič ani sa nesmieril dosiaľ; bratia o nej nechcú počuť. Ba   ešte veselo znášala svoj los a koľko ráz povedala: Neboj sa Paľo nič,   ešte môžeme mať aj my všetko, čo nám je treba, ja ukážem svetu, že aj   z práce rúk a šanovlivosti môže sa nadobudnúť majetok. Veď len dobre   mienila vždy. Hnala sa za robotou, ako oheň. Ona, hrdá, šla na   zárobky, nedbala, že sa jej vysmievajú. Ona chcela, aby šiel slúžiť,   a všetko by bolo dobre, keby jeho nebola tak priahala a keby on nebol   ochorel úmorné . .. Slnce už vyšlo nad hlavu Paľovu — je poludnie.   Valasi zaháňajú ovce do košiarov. Od dediny belejúcej sa medzi   stromami zayznel hlas zvona. Paľo podvihol klobúk a pozrel ku ceste.   Stade približuje sa strojná, vysoká postava ženská. Vari to Zuza ide   mu s obedom. Oľutoval svoju planú reč? Vždy tak robieva… Paľo dal sa   do 10
    </tei:p>
    <tei:p>
     ﻿Učenia skál zas, aby ho našla pracujúceho. Lebo ju len to teší,   keď hluší tú robotu. Veď jej je on sluhom, nájomníkom. Zlostí sa zas   Paľo, ako Učenie zapríčinilo mu ostrú bolesť. A mohol si vziať dievča   z chudobného rodu, ktorej on by bol pánom, tejto je len poddaným.   Ech! .. . Odhodil pucku a vystrel sa, zlostne pozrúc hore. „Pamodaj   šťastia!” klania sa k nemu došlá mladá ženská. Paľovi tvár sa zdĺžila   a ožlkla ešte väčšmi. „Pán Boh daj aj tebe, Anka!” odvetil. Žena   nebola jeho ale cudzia. „Či iba sám, Paľo?” spýta sa ho ešte vľúdne   cudzia. „Sám”, odpovie Paľo vľúdnym hlasom tiež a sadá na kubík.   Vytiahol fľaštičku aby si upil a zahnal mdloby, čo ho okružujú. „O   hlade ma nechá! Poriadny človek si aj statok opatrí, ona nedbá, len   nech robím …” šomre pobúreno. „A tomu všetkému sú len moji rodičia na   príčine. Oni boli hodzakí. Otec premárnil všetko, čo ostalo po   starých rodičoch. Mať nedbanlivá 11
    </tei:p>
    <tei:p>
     ﻿neskazovali otca, keď pili. Temer každý deň na posmech váľali sa   po ceste, aj našli tam svoj koniec. Voz prešiel cez nich. Poriadna   žena muža si skáže. Nechže by som sa ja opovážil daf sa na tie cesty,   čo otec, čo by robila Zuza! Tá by mi aj oči vyškriabala. Mať nedbali   nič. Nič im nebolo, či dáku pamiatku budem mať po nich, či nie. No   ale nech len raz ešte v kročia do môjho domu! …” Paľo stane ku práci   zas hoci ani dobre nevidí, ale teraz ide tĺcť v jede. Pred očami   stavia sa mu hmla. Vytiahol fľašu a vypil ostatok na dúšok. Potom   chytí pucku ale ako raz udrel ňou, ztratil rovnováhu a zvalil sa bez   povedomia na zem .. . Zuza medzitým bola na tráve pre kozy i po dva   razy. Doniesla dva veľké batohy, že sa temer prelamovala pod nimi, z   panských rúbanísk. Tak musí ona cez leto zbíjať po poli, aby mali čím   vyživovať kozy, keď lúk nijakých nemajú. Trávu rozmetala po dvore,   aby uschla, potom zmútila mlieko a navarila fučky zemiakovej, čakajúc   Paľa. 12
    </tei:p>
    <tei:p>
     ﻿Keď ho nemohla vyčkať, vzala dieťa z kolísky na lono a prisadla k   stolu k mise. Naliala si cmaru do hrnčeka, že sa naobeduje a potom   pôjde pohľadať muža niekam. „Hm, môj Paľo by si už len voľkal,” myslí   medzitým, jediac fujdu, omastenú vyprážanou cibuľkou a zapíjajúc si   ju cmarom. Rád toto jedlo Paľo, ale aj ona. Zato ho i uvarila a   zmútila mlieko k nemu, čo nebolo ešte ani dobre sadnuté. „Ako sa   nahneval, že som mu dohovárala.” Zuza si povzdychla nad tým. Nesmie   mužovi nič naproti povedať, “hneď je ako sršeň. Bože, ver’ sa aj ona   nenazdala pred piatimi rokmi, keď šla zaň, keď si nedala zabrániť   nikomu, keď nechala bohatstvo k vôli nemu — ľa, rodina jej je dosiaľ   nie smierená krém matky, aj tá len čo nik nevie o tom — že sa takto   škriepiť bude s ním a že v takomto nesváre budú žiť. Veď on nikdy s   vďačnosťou nerobí, ako čoby ani nerobil sebe, ako by dosiaľ bol   sluhom, a ak by ona nenástojila, nemali by nič. Paľo je zo   záhalčivého rodu, zato vyšli aj jeho rodičia 13
    </tei:p>
    <tei:p>
     ﻿na mizinu. Otec mu len pil a mať niaká, aj teraz sa len po   hospodách potĺka, lebo o všetko prišli. Paľovi nenechali ani čo by sa   za nechef spratalo, okrem fundusa, kde si postavili dom. Ale Paľovi   ani ten príklad nie je dosť. Rád si poleží do bieleho dňa, rád   záhalku — ľa, aj teraz chcel vari celý deň ležať, že ho trochu v boku   kole. Teraz už, keď je dom hotový, aby so založenými rukami sedel?   „To je nie tak!” myslí Zuza horlivé a upije z hrnčeka cmar s   pôžitkom, ako bola prežrela za lyžicu fučky. „Budeš aj ty?” prihovorí   sa dieťaťu, ktoré trepotalo ručičkami a načahovalo sa za každým, keď   si Zuza podniesla jedivo k ústam. Dieťa má len pol roka, je pekné,   belovlasé, s čiernymi očami, ako otcove, je v kabanke a bez   duchničky. Zuza dá mu cmaru, nech privyká aj na zlô — ono sa   soškvarilo — vrhne aj mačke, tam okolo nôh sa jej obtierajúcej, kus   fujdy na zem. „Ešte len teraz prichodí nám pracovať, rukávy vysúkať,   aby sme očistili dom od dlhov a nechali ho dieťaťu bez ťarchy. Veď   vari nechce aj on, 14
    </tei:p>
    <tei:p>
     ﻿ako jeho rodičia, nenechať nič chlapcovi, aby mu zlorečilo, ako on   zlorečí svojim a berie si hriech na dušu?!” Ani nezbadala v horlivom   rozmýšľaní, že niekto prešiel popod okno, len keď otvoril ktosi   dvere. To sused, báčik Ondro hrubej gamby zastal na prahu. „Doma si   Zuzka? Hybaj von akomak,” vraví, „ale sa nezľakni!” „Čože je?”   skočila ona z lavičky ako bez duše. Hrnček s mliekom odstrčila od   seba, dieťa hodila na posteľ a rúti sa von. Do dvora vstupovali   chlapi a niesli niečo v plachte. „Čo to nesiete?” skríkla ona a   zastala ako primrazená. „La, muža ti!” povie báčik hrubej gamby. „Ale   ti vravím: nezľakni sa, nie je umretý. Tam sme ho našli, kde kubíky   tĺkol, vyrúteného.” Chlapi složili ho na dvor na pažiť a ona s krikom   hodila sa k nemu, v hrúze mykajúc ním. „Paľo, Paľo, Paľo môj.” Paľo   na jej ostrý krik prebral sa z mdlôb, 15
    </tei:p>
    <tei:p>
     ﻿Otvoril oči, pozrúc okolo a zhliadnuc ženu. navrátilo sa mu   povedomie a už ju zavracia: „Čo robíš taký shon? Ešte sa svet   sbehne!” Paľa odniesli do izby a uložili do postele. Zuza nasnášala   hlavníc koľkoľvek mala, obložila ho nimi, aby sa rozohrial,   doptávajúc sa, kde ho čo bolí a nasnášala i liekov, aby čím skôr   ozdravel. Veď hľa jesto roboty moc … A on, ležiac ako drevo,   neodpovedal jej ničoho na jej príhovorky. Zapieral oči do bielej   novej povaly, trápený nielen telesným bôľom, ale aj druhými   ťažkosťami.
    </tei:p>
   </tei:div>
   <tei:div type="chapter">
    <tei:head>
     II.
    </tei:head>
    <tei:p>
     Paľo Ročko sedí na dvore na pažiti. Tri dni ležal od vtedy čo ho   doniesli v plachte, ako poleno. Žena Zuza pokrúca hlavou, kedykoľvek   padnú jej oči naň. Nepáči sa jej jeho choroba, ani jeho polihovanie.   Tu je čas kosby, kde roboty jesto vyše uší, kde je hriech čo len   jednu minútu opustiť, keď sú robotníci hľadaní. Za- 16
    </tei:p>
    <tei:p>
     ﻿robí si chudobný svet dosť a chorý Paľo nezarobí nič. Ona tobôž s   malým deckom do nájmu nie je hľadaná a tak oba márnia dni bez osohu.   A ak si v lete nenashonobia, v zime pomrú hladom. „Veďže sa ty   neopúšťaj!” riekla mu už viac ráz i dnes. Lebo má ho v podozrení,, že   je ani nie tak veľmi chorý. Aj vtedy, keď zamdlel pri kubíku,   zaškodilo mu, že nejedol nič a pil veľa — dozvedela sa od ľudí. Paľo   málo vraví. Prejdú i hodiny, čo nepovie slova. Neškriepi sa, nebráni   sa, i diví sa tomu Zuza. Neodpovie Zuze ani dnes. Hnevá sa na ženu,   no v duši sám uznáva, že ak sa oddá cele chorobe, tak neozdravie   priam a rozchoravie sa ešte väčšmi, ako je. I vyšiel do dvora, že   rozmece tam trávu na hŕbe vysypanú, čo žena doniesla na svitaní pre   kozy z panskej rúbane. Vzal vidly od sieňky a ide k práci. Krok jeho   je neistý, ako čoby bol pil, ruky ako ani nie jeho, oslabené, chvelé…   vidly zdajú sa mu ťažké, ani zo železa. Ani ich vari neudrží a sotva,   že vzal na ne pár ráz trávu, 17
    </tei:p>
    <tei:p>
     ﻿aj vypadly mu z rúk. Paľo musel sadnúť tiež. Dal hlavu do dlaní a   zastenal. Veľmi chorý je Paľo Ročko. Zišlo by sa isť ku doktorovi,   ale akože pôjde k nemu? Nohy ho neunesú a povoz najať? Kto pôjde   teraz, v čas kosby s ním? Čo by mu zlatom platil, ani tak nepôjde   nik; čo by na kolená padol. Koní je málo, vojna ich vyničila. A tí,   ktorí majú kone, pre pýchu nejdú s nikým a zachodia s utisnutými, ako   so psi .. . Pán farár majú kone tiež. Tí najskôr pomôžu i v súrnych   prácach. Tí aj pred týždňom poslali koč s Durom Bukovie, keď si   granátom, čo našiel na poli po vojne, oči vybil. Večer o šiestej   hodine dali koč s ním do mesta, ale či on môže o to požiadať pána   farára? … „Dones mi hlavnicu!” povie žene, ktorá vyšla s piestom a   batôžkom, že ide hábky s dieťaťa oprať na potok niže dediny.   Rozbolely ho ľadvia aj chrbát od sedenia — ide si ľahnúť. Zuza   zdúpnela aj od strachu, aj od zazlenia. Ju už míňa trpelivosť pre   jeho neduh a on, ľaľa ukladá sa 18
    </tei:p>
    <tei:p>
     ﻿ešte na tuhšiu chorobu. Pokrúti hlavou a už má na jazyku: „Takto   nebude z nás nič!” No premôže sa tento raz a hodiac piest i hábočky   na zem, ide pre hlavnicu do izby. „Ver’ sa môj Paľo pekne priberá!”   šomre si v izbe ako berie vankúš z postele. Naveky sa rád odťahoval   od práce a len jej pričinením čo pracúval. K tomu neverí mu odtiaľ,   ako zamdlel ani tak. „No len si oddýchni”, riekla mu, podávajúc mu   vankúš a naprávajúc mu na pažiti. „Ale na zajtra žeby si mi už bol   hor!” Zvrtne sa, ale vidiac, že trávu nerozmetal, dá sa do nej v   náhlivosti ona. Paľo prevalil sa na hlavnicu, vydýchol si, akoby mu   centy boly spadly s pliec. Zavrel oči a neriekol na jej panovité a   bezcitné slová nič. Neprotivil sa. Ducha jeho teraz už iné zaujímalo   … Pán farár by dali koč, dajú druhému dosť ráz. Často rodina nedá a   oni dajú pre chorého aj o pol noci — ale on pýtať nemôže. Slúžil so   ženou na fare pol roka. Sjednalí si do platu, že im 19
    </tei:p>
    <tei:p>
     ﻿dovolia navoziť si škára na dom a keď si navozili, ušli od nich v   najtvrdšej robote. Veľa ráz pán farár, keď Paľo náhlil sa so skálim,   riekli akoby žartom: „Počuješ, Pavle, čo sa tak ponáhľaš s tým   kamením — ty ma chceš nechať, keď si navozíš!” A on vždy na to: „Veď   som svedomý aždaj pán farárko! . . . A just sa tak stalo. Žena   pokúšala, aby odišli a on tiež za dobré to uznal a dal sa sviesť … A   to by ešte nič nebolo, ale on, na jar, keď bol v dedine akýsi pobehaj   rečniť proti pánom a kňazom, že sú nie potrební, lebo že nieto Boha,   vykrikoval na pána farára, že ho načim z dediny vyhnať, lebo ho iba   darme platia — a on dáva platu ročite kňazom 40 halierov, koľko   človek i hocktorému žobrákovi vrhne. Potom šiel sa napiť a za tým v   krčme nielen vyhnať kázal kňaza, ale i zabiť ho .. . Paľo vzdychá z   hlboká. Po tomto nemôže on predstúpiť s prosbou, aby mu dali koč.   Hodil rukou. Nebude na doktorov ani myslieť, veď tí aj tak nevedia   nič. Zavrel oči a ako ich zavrel, sen na 20
    </tei:p>
    <tei:p>
     ﻿chvíľu ho zachvátil a v tom sne, ktorý trval za pár minút, zjavilo   sa mu množstvo postáv. Prichodily a odchodily, obchodily a skrúcaly   sa, zmizly a zas sa dostavily, zmiešaly sa a zmizly zas, iba jedna   ostala tam. A ako sa prizrel, videl, že sú to pán farár. Stoja v   rúchu kostolnom a akoby sa hrozili. Paľo sa prebudil, ale myšlienka   na toto ho už neopustila. Veru vidí teraz, že sa prehrešil proti nemu   ťažko . . . Ale čo po tom. Dosť má bolesti, nie to aby sa staral o   také veci. Ale ako zažmúril oči, už myšlienky na to zas sa dostavily,   ako príšery, priletely ako čierne kavky, aby ho mučily, aby mu   hlodaly srdce, aby ďubaly doň. „Tvoj hriech je veľký proti nemu,   veľký, veľký!” Tak ďobú zobákami. „Čože ti je?” spýtala sa Zuza   udiveno. Rozmetáva trávu s veľkým úsilím (keď ju on nerozmetal, líca   horia jej, má isť na potok s praním, kým sa dieťa nezobudí. Paľo sa   prudko pohol a skríkol: „Häš, häš!” 21
    </tei:p>
    <tei:p>
     ﻿Paľo sa spamätal, otvoril oči. Či neprezradil svoje myšlienky?   „Komáre ma štípu „Komárov tu nieto, iba ak muchy!” „To muchy!” povie   Paľo, pristanúc na jej reč. Hej, ten doktor by sa ver’ zišiel   predsa!… A veď je on aj nie taká vina, že ušli z fary, keď navozil   skáľa na dom. To žena vykonala, pokúšala, navádzala, že si za ten pol   rok, kym by slúžili, aj vystavia dom. Pokúšala, že čo by si   nespomohli, veď vraj aj porekadlo hovorí; „Spomôž si človeče, aj Boh   ti pomôže.” A že huckal na jar proti kňazovi, to tiež nezavinil on.   Ktože teraz nehucká proti ním? Tu prichodia do dediny kadeakí   loptoši, kto zná zkade, darebáci, ktorí búria proti poriadku, že sú   kňazi nie potrební, že náboženstvo nebude, lebo že nieto Boha. Keď   tak nevedia ľudia pochytiť cepy a vyprať takých lotrov! Pán farár   slúžia cirkev 15 rokov, žijú s nami, pomôžu, a tu taký šklban chcel   by ich vyduriť. Vari on, šklban, pomohol nám kedy a 22
    </tei:p>
    <tei:p>
     ﻿jemu k vôli rozpadneme sa s kňazom, čo žije s nami a slúži nás   verne? … Nie je on vinou, nie, ale tí lotri a tá krajina čo ich trpí   a dá búriť pokojný národ . .. „Häš, häš,kavky!” povedal nahlas.   Prudko otvoril oči, či ho nikto nepočul, i posadil sa. „Čože, kavky   odháňaš, aké kavky?” spytuje sa zadivená Zuza a zastane pri východe   dvora, dúpkom sa mu prizerajúc. Ah pre Pána, veď ten fantazíruje — a   ona mu neverí! „Snívalo sa mi!” odpovie Paľo a líha zas. A ako si   ľahol myšlienky — kavky už ho zas obletujú. „Idem dnu, ani tu je nie   lepšie ako v chyži,” rečie a vzchopí sa. Zuza premenená Takom, hodila   piest a hábky na dvor, na pažiť a beží k nemu, aby mu pomohla vstať.   Zaviedla ho do chyže, uložila do postele, pozakrývajúc ho duchnami, a   ide mu za liekmi. Lak zmocnil sa jej, vraví však: „Len sa ty   neopúšťaj. To sa ti mádra pohla, nič iné ti je nie. Zavolám tetku Ma-   23
    </tei:p>
    <tei:p>
     ﻿rečku, pomastia fa oproti srdcu vínnym octom a sadlom, tak ti   prejde … A či by si nejedol niečo? Veď si lačný. Donesiem ti sladkého   mlieka. „Prejde v hrobe!” povie on hlasom ako z pod zeme. „Ach, pre   Boha, aspoň nevrav a nerúhaj sa!” osopí sa Zuza a plač jej je už za   zubami, čujúcej jeho hlas. „Jedol by si. Veď nič neješ, zato si   slabý.” „Nie, nechcem” odporuje Paľo, hľadiac upreno do novej povaly…   Pravdaže je nie vina on, že brechal na pána farára a huckal ľud, aby   ho šli zabiť, ale tí pobehaji a tá vláda … „Häš, kavky, häš … a oni   sú otcom štyroch detí a ja som ich zabiť kázal — häš, häš! Daj vodu,   Zuza!” „Jaj Bože, blúzni! Upadol do horúčky — už je po ňom!” šepce   Zuza, nastráchaná skočiac pre vodu, i podá mu ju. Paľo pije vodu s   chvatom, hlasno preglgávajúc. „Hej, či by som ja rád takej polievky   čo pani farárka navaria!” 24
    </tei:p>
    <tei:p>
     ﻿„Čo by si?” zdúpnela Zuza. Všetky vlasy na hlave zježily sa jej   pod čepcom, čujúcej tú reč. Ušli od nich, keď im pán farár dovolil   navoziť si skáľa a teraz na jar nabrechal Paľo dosť, že ich darmo   platí dedina. „Polievku z fary by som chcel, veď posielajú ťažko   chorým ďo dediny.” „Polievku z fary? Kdeže ti ja vezmem polievku z   fary? Či nevieš, čo sme im vykonali a čo si ty navolal na nich po   dedine — že sa hneď našli ľudia, čo to šli rozpovedať pánu farárovi   ešte v ten deň? Zarežem sliepku, mám ich, chvalabohu desať, a navarím   ti takej polievky. Viem aj ja takú spraviť, podučila som tam panské   jedlá variť.” „Ja z fary polievku chcem .. .” odvetil neústupné Paľo,   Zuza chytila sa za hlavu v zúfalstve a vyšla k súsede sa vyžalovať.   „Nie je inak, tetka, ten sa zbláznil!” „Netráp sa nič, veď on zabudne   na to” poteší súseda, chudá ako štiap žena, Zuzu. „To chorí tak   zhutujú.” 25
    </tei:p>
    <tei:p>
     ﻿No Paľo, keď sa o pol hodiny vrátila Zuza k nemu, spýtal sa:   „Odkázala si pani farárke, či si sama bola u nich?” Zuza začala sa   obrykovaf: „No vieš, takô ’nevrav a takô nežiadaj, čo nemôže byť a čo   sa stať nemôže! My sme si to ta prepásli, aby na nás mali na fare   zrenia. Pôjdem ti pýtať polievky do školy, i tam varievajú mäsitú,   keď chceš panskú polievku jesť, alebo do notárov, tam perávam,   pigľúvam, majú ma začo povážiť .. „Z fary chcem!” „Prečo ma tak   trápiš?” zvolá Zuza a už sa púšťa do plaču. „Aj z tej polievky, čo   som ja varila, môžeš sa najesť. Varila som krúpy a ovčiu nohu v nej,   čo ti moja mama potajme poslali. Je dobrá…” Zuza ide pre hrnčok a   podá mu, aby si zastrebol len tak z neho lyžicou, no on odtisol preč.   „Čo si ja počať mám?” žaluje sa Zuza kmotre Zelenkovie, ktorá prišla   pozrieť Paľa, donesúc mu pražené mäso z hostiny, čo 26
    </tei:p>
    <tei:p>
     ﻿robili pri strihaní oviec. „Ako ma katuje, a on je ani nie tak   veľmi chorý!” „Ej kmotrička, neverte! Veď sú ako vosk ožlknutý!”   vraví zazlievajúc Zelenkovka a pokrúca hlavou. „Ja by vás poslúžila o   tú polievku, ale keď som nie tak známa s farou.” „ Ah, kmotrička, len   mi vy to vykonajte !” upi Zuza. „Odslúžim sa vám čím-tým. Možno, že   by mu osožila. Hádam sa mu prisnilo o nej. La aj tetke Púckovke, keď   boli chorí na kŕče, sa bolo prisnilo, že by mali zjesť z tretej   dediny chleba od žobráka. Zadovážili im ho, aj sa tak stalo —   ozdraveli od neho. Môž’ byť, že by aj Paľo ozdravel.” Kmotrička   ľutuje v duchu, že prišla, dnes Paľa pozrieť. Veď je háklivé za Paľa   isť na faru . ., No sľúbi. Veď nemusí isť na faru, povie len slúžke.   „Možno, že by ozdravel od nej,” vravela na druhý deň Zuza, stojac na   dvore, súsedovi, ktorý za lesou čo delila ich dvor od jeho sadu,,   kosil trávu. 27
    </tei:p>
    <tei:p>
     ﻿„Ten ti ozdravie!” myslí a otrčí hrubú peru sused. „Veď je taký,   hoc ten dukát!” Postoji v práci, utrie trávou ostrie kosy, že ju bude   brúsil „A ako že mu je dnes?” spýtal sa Zuzy. „Ako aj včera. V   horúčke vždy. Baluší naveky, ako by niečo odháňal od seba. Len; häš,   häš .:. A za tú polievku vraví vždy len”. „A si odkázala? Veď   posielávajú chor U rym … „Už aj od troch… neposlali! Odkázala som, že   by šla aj sama k ním, ale, že sa hanbím im na oči prísť, ale   neposlali.” Zuze zacedia sa slzy. Nie že by bola užiadostená niečieho   daru, ale azdaj by mu to spomohlo. Už som ho aj oklamala a zarezala   sliepku a uvarila just takú, ako pani farárka varia, ale som sa   podriekla pred kmotričkou, tak sa mi jej ani nedotkol … On len z fary   chce.” „Hm, z jednej strany …” súsed zasekne reč, iba domyslí: prečo   by povážili takého, čo im zlorečil? Aj kňaz je nie zo skaly a 28
    </tei:p>
    <tei:p>
     ﻿nie je anjelom,” I prejde oslou po kose. Kosa zacvendží jasno a že   je sad na vŕšku, cveng ozýva sa ozvenou ponad dedinu a hlása milo ako   hudba. Zuze sa srdce puká, čujúcej to. Kedyže jej Paľo skosí sad? Len   tú trávu majú, nič iného a ešte aj tá uschne na koreni. „Vy si len   pokosíte, báčik, sad, ale my!” rečie s túžbou v srdci ho osloviť, aby   im pomohol. Ver neviem, kto ten skosí!” „Zuza, Zuza!” zavzneje z izby   namáhavý, ale hnevivý hlas Paľa. (Čo nejdeš dnu?!” Zuza sa zvrtla a   uteká do domu. Ešte povie báčikovi: „No vidíte, ani za minútu nemôže   byť sám. To je tobôž zle. Nikdy ten z toho nevstane!” „Sadni!” povie   Paľo žene, ako dnu prišla, ukážuc okyptenou rukou na stoličku pri   posteli a ožlknutá tvár mu je nahnevaná. „Čo chceš? Veď ja mám   robotu”, odpovie Zuza trochu znepokojená jeho rozkazom, hoc vždy   hľadel jej len rozkazovať a ona jemu. „Chyža mi je neobriadená, čajsi   29
    </tei:p>
    <tei:p>
     ﻿ani nezametávam, ako si chorý; nestačím •V .« nie! „A klebetiť s   každým stačíš?” zazerá on. „Bože, Paľo, čo ma sužuješ? Či sa už ani   poshováraf nemôžem s nikým? Báčikovi dolních som vravela —.” „Že nič   zo mňa nebude!” Ona striasla sa, zľaknuto k nemu pozrúc. „Pán Boh   chráň, ja som to povedala len zato, aby nás báčik pošanovali a   pokosili sad, keď je z teba na tento čas nič!” „Ja viem, že umriem!”   pretrhne ju on. „Aj testament zato dám napísať… všetko na chlapca!”   „Že na chlapca všetko?” spytuje sa ona i pri veľkej žalosti udiveno a   utrie oči od sĺz. Či ju tak znenávidel, že by ju i v stestamente   vydedil? Prečo je taký planý k nej? Kde sa podela tá jeho veľká   láska, pre ktorú kedysi neváhal aj dokaličiť sa? Či zabudol, čo   všetko ona opustila preň? A teraz, že by mohla byť vydedená i z toho,   čo aj ona nadobudla?! „Tebe sa to, však, nepáči! Vydať by si 30
    </tei:p>
    <tei:p>
     ﻿sa ešte rada, však!” vraví Paľo a pokračuje pomstychtivé; „Vydaj   sa pre mňa, ale nie do tohoto domu, ktorý som ja staval a o život   prišiel pri ňom. Aby bol druhému! Počkaj! Ak chceš bývať v ňom, vydať   sa nesmieš!” zvolal s hnevom. Pot vysadol mu na čelo od rozčúlenia a   horkosti. „Tak! Bolo by dobre žene, keď sa on vyrúti, aby sa tu   rozťahoval druhý, aby tu hrkútala s druhým a jeho sirota bola by   odstrkovaná, bitá, vyháňaná z jeho domu. Možno že už i má vyzretého   niekoho. Nič falošnejšieho, ako žena. Aj včera shovory a smiechy   robila pri studni s vdovcom Supálkovie, čo šiel poza ich záhradu s   kosou a pýtal si od nej vody do čachora. Kto zná čo mala na mysli už   vtedy — a on chorý leží! „Ak chceš tu bývať, vydať sa nesmieš!” Zuza   sadla na lavicu a pustila sa do plaču. Slzy horké a horúce lejú sa   jej červenými, peknými lícami. „Čo nariekaš; za domom?” zhúkne on.   „Oj bodaj… pravdaže i za domom. Veď 31
    </tei:p>
    <tei:p>
     ﻿som sa aj ja drala pri ňom o zdravia si chodila, nivočila sa a že   by nemala do neho diel … Ale čo že mňa je aj po dome!” a Zuza lomí   rukami zúfale. „Tak čo ti je?” „To, že ma tu necháš, že nás opustíš,   že necháš drobnú sirotu, že sa už odberáš od nás! Čože je mňa po dome   i všetkom. Daj zapísať na dieťa, daj! ja sa po tvojej smrti nevydám   nikdy, nikdy!” plače Zuza žalostne. Paľo nepovie nič. Zažmúri oči,   tak počúva jej kvíľbu. Na počernú, peknú tvár vysadlo mu uspokojenie,   srdcom prechodí mu zlosť. Počúva jej nárek s pôžitkom. Tak predsa   miluje ho hľa, dosiaľ, a on myslel, moril sa už od koľkých čias, že   ho už neľúbi, že oľutovala svoj krok hneď, ako opustila otcovský dom,   že jej bude po vôli keď umre on. Jej plač ako liek pôsobí mu ha   srdce. Netíši ju, nepoteší — počúval by jej nárek i do skonania.   „Dones dieťa!” povie po chvíli tichým hlasom. Ona utrela oči, skočila   a beží ku kolíske. 32
    </tei:p>
    <tei:p>
     ﻿Vezme spiace dieťa povité v červenej duchničke a podáva Paľovi. On   pohladil mu spotené vlásky a líčka rozpálené od sna. „A neposlali z   fary?” spýtal sa naraz. „Jaj neposlali, neposlali!” „Oh že!…” Paľo   zasekne peru aby mu nevyšlo z úst plané slovo a odvracia hlavu.   „Odnes, odnes dieťa!” „Káže milosrdenstvo, ale on ho nemá, káže …”   zlorečí Paľo o kňazovi, no spamätá sa a stisne zuby. „Káže odpúšťať,   ale on neodpustí…” šomre zas zbúreno „nezaslúži len …” zasekne pery   „nezaslúži, nezaslúži …” i chce sa mu slová vypovedať tie, čo   vykrikoval na dedine, no nadľudskou silou ich zdržiava, stískajúc   zuby… a tu otvoria sa dvere a dnu vstupuje nevesta buclatých líc, v   červenej sukni, v ruke plechový hrnček. „Dobrý deň vám.” „Slúžka z   fary!” skríkne Zuza. Položí dieťa na posteľ a beží jej naproti. „Tu   poslali vám pani farárka.. .” vraví tučná nevesta a podáva Zuze   hrnček, obíduc očami chyžu. 33
    </tei:p>
    <tei:p>
     ﻿„Daj, daj!” schytí sa Paľo z postele. Líca zapália sa mu, ako   mládencovi. Sadne s rezkosfou, ako dávno nie, a otrčí ruky, že sa   Zuza i zahanbí zaň. „Vidíš, ako ju čakal .. . Povedz pani farárke, že   im pekne, ponížene ďakujem, že sa im odslúžim!” Preleje polievku na   tanier a podá hneď Paľovi „No zjedz, nech ti bude na úžitok! Veď už   tri dni, ako ma trápi za ňu. Už by som bola sama šla pýtať, ale som   sa hanbila. Povedz p. farárke, že ďakujeme ponížene.” vraví Zuza,   podávajúc slúžke hrnček, ktorý bola medzitým umyla na čisto. „Veď pán   farár kázali poslať hneď” vraví slúžka, ktorej nevidelo sa   spravedlive, že len pani farárke ďakuje, „ale sa pani farárka   zdráhali. Že načo takému. Že či nevedia, čo ste im vykonali. Nenačím   vraj všetko hneď zabudnúť, hneď odpustiť, aj kňaz že nemusí všetko   pretrpieť. Tak vraveli, ja som rozumela, lebo viem i druhé reči,”   povie slúžka s úsmevom, samoľúbe nad tou slávou. „Ale pán farár   povedali: Tak kto má odpúšťať, keď kňaz nie? Tak sa potom 34
    </tei:p>
    <tei:p>
     ﻿aj pani farárka obmäkčili a odkazujú Vám, že báčikovi za každým   pošlú, keď budú mäsitú polievku variť.” „No povedz im, Anička, že   ponížene ďakujeme aj pánu farárovi aj pani farárke!” ďakuje po tretie   Zuza so skrúšenosfou, ku dverám vyprevadiac slúžku. „Že nezabudneme   na ich dobrotu nikdy!” Paľo medzitým zjedol polievku. Jedol s chuťou,   ako za zdravia, i čelo sperlilo sa mu potom od toho. Polievka   tuhá,-mastná, rozohrieva mu žalúdok a celým telom prechodí teplota,   tak sa vidí Paľovi. Podáva prázdny tanier natešenej Zuze so slovami:   „Ani to pivo, taká bola!” Ľahne si uspokojené, obrátiac tvár k stene.   Ukladá sa spať. Nebudú mu viac kavky hlavu ďubať pre pána farára. Hľa   odpustili — nech ich Boch požehná… Zuza na prstoch ide z izby … aj   muž aj dieťa spia. Ide za prácou do záhrady, zanedbaná je aj tá, ako   všetko. Tvár jej je natešená, sivé pekné oči žiaria radosťou. S   chuťou pracuje a veselo shovára sa so 35
    </tei:p>
    <tei:p>
     ﻿súsedovci, čo tam seno sušia v sade i s každým, čo prejde popri   ich záhrade, zkade je cesta do poľa, pripomenúc, čo dostali z fary a   istá toho, že Paľo už ozdravie.
    </tei:p>
   </tei:div>
   <tei:div type="chapter">
    <tei:head>
     III.
    </tei:head>
    <tei:p>
     Je teplý jasný predvečer. S Paľom práve čo došli z mesta od   doktora. Pán farár dali koč i v čase súrnej roboty, ako to dosť ráz   dajú aj iným, zabudli čo nabrechal, sľutovali sa, povážili ho. Túžil   Paľo isť k doktorovi, ale je nie spokojný s ním, ani mu je nie lepšie   od toffo. Choďte vraj ta a ta, do toho a toho špitáľa a dajte sa   operovať, ale hneď, kým nebude opozdené… Operovať? Radšej Paľo umrie,   akoby sa dal operovať. S tým je už popoludní, koho načim operovať — a   ak si nie dosť zničený, tam ťa doriaďa iste … Vo v nútornostiach že   je chyba .. . Veď to vie aj on, keď ho tam bolí, že nie je chyba na   kolene. Pečená že je nezdravá, vravel doktor… Tak tú pečeňu treba   operovať, — rozkroja ju, 36
    </tei:p>
    <tei:p>
     ﻿ako zajaca? Ani sa on nevystrábi z toho nikdy! Tam v cintoríne   dajú jemu bydlisko, tam bude jeho dom, a tu v tomto dome, pri ktorom   sa pretrhol, okolo ktorého pracoval, túžil za ním, bude žena hrkútať   s iným! „Áach jajch!” zajajkal Paľo s nenávisťou a zmučeno. Toho ešte   väčšmi bolelo, ako tá pečená. „Čo ti je zas, Paľo?” zavznie smutný   hlas ženy od okna, kde sošíva čosi pri zapadajúcom slniečku. Ona   šije, keď druhí okolo poľa pracujú. On mrie, keď druhí usilujú sa   nadobúdať potreby k vyžitiu. Ona zaháľa pri ihle, keď druhé shŕňajú   na chlieb vezdejší; keď vrtia sa čerstvo’ na poli, keď sa pretŕhajú v   práci, kúpajú v pote na slobode, na vzduchu, ona vo väzení s nítn!   „Čo mi je? Či sa ešte spytuješ?” zašomre on s hnevom „Či nemám za čo   stenať? Hluchá si bola, keď povedal doktor, aby šiel na operáciu do   špitála?!” „Ah Paľo, Paľo, veď si premýšľam, či by si naozaj nemal   isť?” povie Zuza skrúše- 37
    </tei:p>
    <tei:p>
     ﻿nýtn hlasom. „Už tí doktori len viac vedia ako my!” „Čo by viac   vedeli? Mali by viac vedief, ale nevedia nič! Tomu je už amen, kto sa   do špitáľa dostane. Ten nevyjde živý ztade … a ty mňa chceš ta dať!   Keby ti už umrel však, aby si bola oslobodená odo mňa, aby si s   druhým tu hrkútala, falošnica … žena iba na vydaj myslí vždy!” „Bože,   Paľo, čo ma tak morduješ!?” zalká Zuza a pustí sa do plaču „Či si ma   prichytil dakedy pri nevernosti?!” Srdce jej je preplnené žiaľom, má   na hlave tisíc starostí, dobre sa nesošalie a on ešte čo jej vytýka.   „Veď vieš, že nikdy krém teba nikoho som . nechcela a nechcem!”   plače, zmáčajúc peknú tvár horkými slzami. Paľo odvráti sa k stene,   ale len hlavou. Nemôže na boku ležať pre bolesť tej pečene. O plač   ženin nedbá už, ani ju nejde udobrovať. Srdce mu ostáva už celé bez   citu. Nič ho už nezaujíma, iba on sám a jeho stav i krivdy jeho. Veď   celý ten život bol iba samá bieda, len nedostatok — a 38
    </tei:p>
    <tei:p>
     ﻿teraz ani zdravia nebude mať. Celý život len bieda, služba, práca.   Otca mal pijana, ktorý všetko premárnil. Nebolo dna, žeby sa nebol   opil. Koľko ráz ho ľudia z garádu zodvihli a doviedli domov. Koľko   ráz videl ho aj on v jarku vyvaleného, ale prešiel vždy pomimo, akoby   ho nepoznal, čo sa hanbil zaň. Koľko ráz zazlorečil, aby ho zem   vyvrhla … Matka neochotná bola ešte horšia. O nič nedbala. Nedbala,   že sa chalupa rúca, že aj ostatná zemička prešla. Jeho vyhnali do   služby’, sotva školy vychodil, a mali ho len jedného a ešte aj z tej   služby musel dávať im. Nič nestáli oň, nikdy mu matka nepomáhala. Ani   teraz, keď staval dom, nebola mu na pomoci. Druhí prišli — ona nie.   Keď ju volal, povedala, že je chorá a šla robiť druhému. Len keď bol   hotový dom, vtedy prišla pozrieť a vari panovať… a tu tvár Paľa   skúpala sa potom. Prišlo mu na myseľ niečo, čo síce vždy na dne duše   čupelo i driapalo a dvíhalo sa hor, ale zahnal ho a potlačil vždy. No   teraz zrazu vyšinulo sa na povrch a za- 39
    </tei:p>
    <tei:p>
     ﻿lomcovalo ním silou. Zaťal zuby, no to čosi ako pohroma rúti sa   naň. „jajch häš, häš!” skríkol zrazu. „Čo ti je; koho odháňaš zas?”   Paľo spamätal sa. Čo ti je?! Vie on čo mu je. Že prichodia čierne   myšlienky — kavky zas a budú ho ďubať nie do hlavy teraz, ale rovno   do srdca. „Nuž čože!?” myslí zlostne, brániac sa tomu, „vyhnal som si   mater, keď prišla hotový dom obzrieť, hádam kráľovať doň —   nezaslúžila iné …” Obráti sa na druhú stranu hoc mu je ťažko na boku   ležať, ale kavky obletia ho i tak. „Nuž čo, vystrčil som ju z domu a   ona tak vyfrkla na dvor, že sa tam prestrela na zemi — tak jej bolo   načim!” Paľo prevalí sa horko-ťažko zas na druhý bok a kavky sú i tak   tam okolo neho .. . Vidí Paľo, že tvár materi padla na drevo a   skrvavila sa tam, vidí ako sa sozbiera trápne, ako s plačom a   rozhorčenosťou riekla odchádzajúc; „Nech teba Boh vyženie z tohoto   domu tak, ako si’ty mňa!” S kvífbou vyšla zo 40
    </tei:p>
    <tei:p>
     ﻿dvora a on dopálený ešte sprevádzal ju so zlorečou. Zuza zľaknutá   ho tíšila, ale jeho to len väčšmi rozpaľovalo — skôr ho podpichávala   proti nej… a susedia, tam sbehnuvší sa na krik, krútili hlavami a   vraveli výstražné: „Paľo, Paľo, matkina kliatba sa splní, to si nemal   vykonať!” A Paľo zúri v duchu. Akoby sa nehneval i zato? Dobrá matka   neprekľaje si dieťa, čo by sa ako previnilo . . . „Daj mi tú knižku   báčikovu Gambášovu!” rečie žene a otrčí chybnú dlaň naproti nej. Tu   má báčik Gambáš knižku plnú rozprávok o šiarkanoch, o zlatých pannách   i zakliatych princeznách, tú bude čítať Paľo v zúfalstve. „A načo ti   je?” spýta sa Zuza trúchle i nespokojne vstane a složí s poličky   knižku i podá mu ju. Radšej by sa pomodlil Paľo! Ide čítať bláznostvá   a druhých ľudí zalieva pot v súrnej poľnej robote. Aj ľúto je Zuze,   aj hnevá sa. Keby aspoň Tranoscius pýtal, ale on, ťažko chorý, ide   čítať rozprávky. „Či baluší, či čo? Ten sa vari už iba z rozumu   41
    </tei:p>
    <tei:p>
     ﻿pohne..myslí Zuza, vidiac jeho nepokojom zošpatenú tvár a oči   sem-tam behajúce. Už sa ho i bojí akosi. Čo ju čaká pri tomto mužovi   a čo má z toho, že išla zaň? Neradila by nikomu proti vôli rodičov sa   vydať, lebo rodič len dobre chce svojmu dieťaťu. Paľo roztvorí pred   oslabnutými očami knižku — ide čítať o zlatých pannách. Musí sa   literám dobre prizrieť, inak ich nechápe a keď sa im prizrie, ony   začnú najprv tancovať pred jeho očami a potom sa skolomutia dovedna i   nevyčíta nič . . . Vystrčil tak mater v hneve, lebo mu nešla pomáhať   — druhí šli, ona nie — že spadla na dvor a sa skrvavila … Aj, či ho   štiepa v tom boku, trhá, šklbe, akoby vo vnútornostiach voľákeho   draka mal… Odhodil knižku od seba. „Počuješ, Zuza, veľmi sa udreli   mama, keď som ich vystrčil?” spýta sa zrazu, ako vyjavený, hľadiac   Zuze na tvár. Ona strhla sa od šitia. Čo všetko mu príde na um?   42
    </tei:p>
    <tei:p>
     ﻿„Veru veľmi, čelo sa im celkom prebilo. Ver si to nemal spraviť,   čo sú aká zlá. Hádam ťa zato teraz Boh kára.” „Vtedy si ma nekrotila,   teraz čuš!” osopí sa on a odvráti od nej hlavu. Boh kára, Boh kára —   ak nevie len kárať, tak by bolo lepšie, keby ho nebolo, ako ten   rečník-loptoš vravel. A to by ani nebolo tak zle. Keď by Boha nebolo,   nebolo by ani svedomia a on by teraz netrpel. Ale takto musí prejsť   cez všetky peklá a kríže. Ešte aj otec, ktorému zlorečil, aby ho zem   vyvrhla, zjaví sa mu pri ostatnej hodine a príde ho zaškrtiť… Paľo   môže čakať ešte i to! „Zuza!” schytí sa zas „čo povedali vtedy mama,   však sa hnevali veľmi?” „Hm, kdeže by sa nie! Povedali…” a tu Zuza s   hrúzou pozrie naň, rozšíriac oči a shodiac šitie s lona. „Povedali,   aby ťa Boh vystrčil tak, ako si ich ty z domu —” i zalamuje rukami.   Teraz je už istá toho, že Paľo umrie. „A čo ti je?” schopí sa on.   43
    </tei:p>
    <tei:p>
     ﻿„Už vidím, že ma tu necháš, už viem!” lká Zuza a slzy lejú sa jej   cíckom dolu peknými lícami. Paľo odvráti tvár. Nedbá už ani na jej   tvrdenie, už mu je jedno, či umrie, či nie. Už ho neteší ani jej   nárek, netkne sa ho jej žiaľ, necíti radosť, že ho miluje. Nedbá už   ani o dom, ani o testament, ani o dieťa… Pána farárovo odpustenie už   má, teraz musí sa pokoriť i pred materou. Svedomie ho núti. To   svedomie … či ho Boh riadi, aby na zemi odpýtal všetko zlé, čo   spravil a bol prijatý v nebi po smrti? Keby tak bolo!… Mať som si   biednu, ostarenú, ubitú, skľúčenú neresťami, ktorú aj otec len bil,   vystrčil, lebo nechcela isť robiť, hnevala sa, že ju, ako sa oženil,   ničím nenapomáhal (žena nedovolila), chorľavú, do ťažkej roboty   nesúcu … Aj, oj, čiže šklbe ten drak v prsiach, či ďubú tie kavky do   srdca, už ho celé skrvavily, už krv tečie z neho, už ju pijú, mäso   trhajú zobákmi… „Zuza!” skríkne, schopiac sa, „razom bež pre mater,   aby išli sem!” 44
    </tei:p>
    <tei:p>
     ﻿Zuza skočila zľaknutá hradiac naň s úžasom. Vari i o smysly príde   pri ňom. Čo to chce už zas? Pre mater — a ona! Nikdy sa nechcely;   neshovárajú sa už tri roky. Stará nechcela ju synovi zato, že bola z   bohatého domu, lebo taká, že nebude ctiť jeho rodinu a že keď sa jej   rodina odvrhne od nej, tak je nijaký zisk, že si ju vezme. Ešte   horšie, lebo že s chudobnou by mal aj rodinu. Nebola spokojná miesto   toho, aby bola hrdá. A ona v hneve nad tým koľko ráz pozvala ju   starou bosorkou a nedovolila mužovi, aby ju napomáhal — teraz isť k   nej! 1 stojí na prostried izby, ako stĺp. Zuza vyšla z izby.   Vyplakala sa v pitvore, potom pod stenou, i pred súsedovci, aj pred   kmotričkou, ktorá ich prišla pozrieť a ktorú potom i poslala miesto   seba do Petrášov, kde bývala na hospode mať Paľova. „No nič je, Paľo,   nehnevaj sa, nie sú doma”, vraví Zuza o hodinu pristúpiac k jeho   posteli trochu nesmelo. „No, čo sa neberieš? Choď, choď!” kričí on.   45
    </tei:p>
    <tei:p>
     ﻿„Ty si bola?” „Či doma sú, doma, ale nechcú isf. Ká- zali povedať   „že sú nie doma,” napráva sa Zuza, zrak hodiac v bok pred jeho   upretým na ňu pohľadom. „Ty si nebola. Musia prísť. Häš, häš!   Oklamala si ma. Choď ty hneď, choď ty!” Ale ti to odkázali, že   neprídu nikdy k tebe. Že pre nich môžeš nikdy neozdravieť a nikdy   neumrieť.” „Ty len choď, häš, häš, choď Zuza, choď! „Už takô   nežiadaj! Veď vieš, že ma nikdy nechceli, miesto toho, aby ma boli,   ako sa vraví na rukách nosili, ma pochybovali, že si si tak mohol   hockoho vziať keď s1 mňa vzal, a ja som ti zakázala, aby si ich   napomáhal,” protiví sa Zuza, dajúc si smelosti — no s plačom. „Choď,   Zuza, choď!” Zuza zasa tou cestou vyšla von, čo pred hodinou.   Vyplakala sa v pitvore i pod stenou i pred súsedovci a dvoma ženami,   čo šly poza ich dom do poľa. Pred Katou Majzovie, okydlej postavy, o   ktorej vraveli, že spod- 46
    </tei:p>
    <tei:p>
     ﻿ného rúcha i s dievkou, nenosia, za čo ju každý ničomnicou volal,   povedala i toto: „Už nech by lebo ozdravel, alebo nech by ho Pán Boh   vzal, lebo mi je už strašné hľadieť na tie muky.” Že Katu. cesta   viedla povedľa Petrášov, ako ich susedu, prosila ju úpenlivé, aby sa   ohlásila u mamy Paľovej. Ale aj tá prišla s tým poručením nazpät, čo   prvý posol. Paľo ticho vypočúval odkaz a nepovedal v ten deň viac ani   slova. Zuza myslela, že sa uspokojí, ale na druhý deň, ešte sotva   svitalo už mrmotal: „Häš, häš! Už mi krv pijú, mäso trhajú häš, häš!”   7 „Kto trhá, čo trhá?” spytuje sa Zuza, bežiac k nemu. Už sa   neodiaľuje od neho, hoc jej je i strašné, a nedbá už ani o prácu, ani   o živnosť, ani či pomrú na zimu hladom, či nie. Päto pozrie ku svojim   nohám na posteľ, kde ukazovala žena a kde spalo pokojne, „Nič, nič,   dones dieťa.” „Veď je tu!” 47
    </tei:p>
    <tei:p>
     ﻿usmievajúc sa, belohlavé pekné diefa. Pohľadel naň chvíľku, potom   odvrátil tvár k stene. „Zuza”, povie „choď ty pre mater!” ’ Zuza   zalomí rukami, no neodporuje, ani nepovie, že ona už bola. Oklamať sa   nedá — vidí, musí ona isť. Vie, že neustúpi, ako za tú polievku z   fary. I potáca sa von z izby bez slova .. . Ešte aj túto tŕnistú   cestu musí prekonať, aj toto poníženie musí preniesť. Ale už nedbá o   nič. Pretrpela pri jeho boku i viac zlého, dotrpí až do konca, keď si   ho na truc všetkým vyvolila. Prešla dolu na cestu a ide hore ulicou k   desiatemu domu, kde u Petrášov býva na hospode Paľova matka. Tam   najprv vyvolala domácich, tetku Petrášku, a tej oznámila, prečo   prišla. „Všade je, hrabe nám seno. Neplatí nič za hospodu, vieš, že   nemá zkade zaplatiť, nuž aspoň čo-to pomôže.” Petráška je jazyka   čerstvého, rada sa rozvraví na široko, i teraz ten úmysel má. „Zasa   za Baľa?” A Petráška má na jazyku:, „Prišla aj na 48
    </tei:p>
    <tei:p>
     ﻿vás pokuta, ale vám tak načim!” No vidiac vyplakané oči Zuzine,   nechá tak. Nezdrží avšak aspoň toto povedať; „A vieš, Zuzka, s   materou ste si mali inak zachodif. Mali ste si ju šianaf, k sebe   vziať, nie tak, že som jej ja, cudzia, musela dať príchylu!” Zuza iba   uhne plecom smutne. Už je pozde každá rada. Ide, kde ju posiela   Petráška, hore proti sadu. Pod slivčinami v sade blízo sennej kopy   stojí nízka shrbená stará žena. Odetá je v čiernom vetchom rúchu. Na   hlave vyšedivená šatka, obšúchaná, obdratá. Zpod nej trčia riedke   šedivé vlasy. Tvár jej je maličká, vpadlá a vychudená, plná vráskami.   Na nej výraz biedy plačlivý. Oči vpadnuté, vyrážajúce tiež jedine   prežitú biedu. V soschnutých, studených rukách drží hrable. Hrabká   nimi pomaličky, ako sliepčička a nenahrabe nič. Viac stojí ako   pracuje. Vše sadne, vše kašle, vše stojí. Celý zjav je dokonalý obraz   biedy, nedostatku a utrpenia. 49
    </tei:p>
    <tei:p>
     ﻿„Akože k ním?” myslí Zuza, zhliadnuc ju, „tí mňa tými hrabľami   opália?” „Hrabete mamo? Pán Boh vám pomáhaj!” prihovorila sa s tajnou   tiesňou Zuza, ticho sa zbližujúc. „Pán Boh uslyš!… Hrabem ..odpovie   slabuškým hlasom, sotva pozrúc k nej, ako cudzej, a hrabe ďalej,   pokašľávajúc. „Či je už suché?” spýta sa Zuza a zohne sa idúcky pre   hrsť sena, aby obadala, aké je. „Zbaví.” „Veľa mu už nechybí” súhlasí   stará a kašle hrabúc. „Hádam aj viete,že prečo idem”, zas Zuza,   dojdúc k nej a zastanúc si pred ňu „že vás Paľo volá ku sebe, že je   chorý na smrť.” „Že na smrť?” starena nepozrie hore. „Na smrť je   chorý a vždy vás spomína. Choďte a choďte pre mamu, ja som ich vyhnal   z domu, nech idú ko mne.” „A dávno je chorý?” „Už dva týždne   pominuly, ako celkom obľahol. To tak od razu prišlo naň, ako tĺkol   škála… veď ste azdaj počuli.” 50
    </tei:p>
    <tei:p>
     ﻿Starká hrabe seno, vše kašle, vše zastane, vše vydýchne, no   nepozrie na Zuzu. Zuza temer spadne zdesením „K nemu. K Paľovi, nech   nevolá za vami! Starena hrabká, hrabká ďalej. Shrnie chomáč sena   dovedna a ťapká malými krôčky ku kope. Nechá Zuzu stáť bez odpovedi.   „Veď nemusíte byť u nás zaveľa. Len čo pozrie na vás, čo vás vidí.   Veď je už iba ako tieň, už len živorí. Už by mu lepšie bolo nežiť. Už   je mne ťažko hľadieť na jeho kríž. No hybajte, mamo!” vykladá Zuza,   premáhajúc plač. Ale stará nepočúva. Berie tam o slivku opreté vidly   a tými nakladá seno ku kope. „Jaj Bože!” zalomí rukami Zuza   očervenejúc rozčúlením i pot ju zaleje. „Či sa nesmilujete nad svojím   synom v ťažkom kríži hynúcim?!” Starká zasa oprie vidly o slivku a   vezme hrable i shrabuje kolo kopy seno. „Tak poďte?” „Kde?” 51
    </tei:p>
    <tei:p>
     ﻿„Tak vám nesľúti, mamo?! Ľudia sa smilovali a odpustili. Pán farár   dali i koč s ním a dosf im naubližoval a vy sa nesmilujete?” vraví   Zuza zúfale a kročí proti nej chvatom, akoby ju chcela schytiť a so   sebou vziať. No tu stará spustí hrable na zem a ide proti nej rovno.   Malá postava nie jej je shrbená. Tvár chudá sčervenela jej, oči   stemnely ohňom. Už nezdá sa viac biednou, slabou, núdznou ale   zmužilou a krutou. „Ja sa nesmilujem a nesľúti mi! Ako on nemal   milosrdenstva, nemám ho ani ja! . .. A ty ako si mala smelosť prísť   mi na oči?!” Zabodne ostrý, hnevivý pozor na jej tvár. Potom odvráti   sa, skrčí sa do hŕbky a berie hrable zo zeme i hrabká seno pomaličky,   ubiedeno zas, neozrúc sa viac po Zuze.
    </tei:p>
   </tei:div>
   <tei:div type="chapter">
    <tei:head>
     IV.
    </tei:head>
    <tei:p>
     Paľo živorí dosiať, hoc. lepšie bolo by mu umrieť už. Tvár mu je   ožltnutá, ako vosk, a cele vpadnutá. Dňom predtým boli v špitáli s   ním — pán farár dali koč zasa. Žiadal sa ta Paľo, ale ho už neprijali   k operácii, lebo 52
    </tei:p>
    <tei:p>
     ﻿je už zapozdené. A Paľo i dlhou cestou utrmácaný leží ako bez   ducha na posteli, upierajúc oči na novú povalu. A ako sa vrátil,   sotva že ho složili s voza, poslal pre mater a neprestáva posielať k   nej. A ona, koľko ráz pošle za ňou on, toľko ráz odoprie prísť k   nemu. Nepôjde aj zato, lebo sa zariekla prekročiť jeho prah. No dnes   už traja pošli boli od neho. Paľovi sa zhoršilo, už je v ostatnom. Už   by umrel, ale nemôže, kým si mať neuvidí… čaká ešte ju. „Ale Mara,   Mara, čo neskrotíš srdce, čo nejdeš?!” dohovára jej gazdiná zdravého   jazyka, čo u nej mala príchylu. Vezme stolček a sadne si pred starú s   vážnosťou, kde tá skrčená v hŕbočke sedela, s plačlivým od biedy   výrazom na tvári. „Keby ma cigáň volal, už by bola šla, nie to syn!”   „K cigáňovi by aj ja šla,” odpovie slabým hlasom, pokašlávajúc, ’ona,   ale k synovi, ktorého som mala len jediného, ktorého som ťažko   vychovala — ja som bola lačná, aby on bol nasýtený, ja som zimu   trpela, aby on bol zaodiaty — a ktorý ma potom 53
    </tei:p>
    <tei:p>
     ﻿vystrčil … tu mám znak na čele od rany, čo som vtedy spadla — k   tomu nie!” „Vieme my všetci o tom, Mara moja, súdili sme ho všetci za   to, ale teraz teba súdime. Veď si hádam matka!” V izbe je i súseda   Petráškina, tučného nešikovného tela. Stojí na prostried izby   rozložená. Oplecko jej je nečisté, háby tobôž len nečistota a   navešané na nej, akoby ich vidlami nakládol na ňu. Na samom spodku   trčal biely pás najspodnejšieho rúcha. To je Kata Majzovie čo o nej   vravia ženy, že bielizeň nenosí, a zato nevychodila z rečí a každý ju   ničomnicou volal. Počula aj ona, že Paľo už dva dni volá za materou i   prišla nahovárať starú tiež. „Nezamkýnajte srdce svoje, tetka,   ďalej”, rečie ona, rozkročená nešikovne na prostried izby, lenivo   boky podpierajúc rukami „možno, že to všetko ani tak zle nebolo. Svet   je zlý, navymýšľa, vychytí na človeka i čo je nie pravda,” Obe ženy   obzrely sa na ňu. Čože taká vec má so svetom? Svet nemôže k tomu   54
    </tei:p>
    <tei:p>
     ﻿ani pridať, ani odobrať čo sa so starkou a jej synom stalo. „Tá už   na reči, čo je ona v nich, naráža”, myslí Petráška, obzrúc susedu od   hlavy do päty. „Pane Bože, ľaľa táto stvora ako sa opásala! Podolok   jej trčí zpod všetkých sukieň na dlaň!” a Petráška musí sa odvrátiť,   aby potlačila smiech. „Tá si to zato tak oblieka, aby videl svet, že   má rubáš a nie je to pravda, že spodné oblečenie, ničomnica, nenosí!”   „Ľudia navyhutujú viac ako je pravda!” opätuje Majzovka. Už to len   nevyhútali, keď som toho účastná bola sama, že ma vystrčil?!” odpovie   stará s hnevom. „Ah jaj, ah jaj!” myslí o neporiadnici Petráška „tá   sa zato tak odela, aby každý videl, že má spodnie rúcho, že jej darmo   krivdia!” Do izby vošiel Petráš zavalitej postavy. Nesie ruku   zakrvavenú proti žene, ale hneď odo dverí oči uprie k starej. „Čože   si si to spravil? No veď sa ti to bude sbierať zas!” povie mu žena,   skrútnuc sa k nemu na stoličke, sotva dvere otvoril. 55
    </tei:p>
    <tei:p>
     ﻿„Porúbal… bude … Aj voňahdy čo som sa udrel, už sa mi sbiera. Mara   a teba.”— „Človeče, ja neviem, čo ty máš za telo,” pretrhne ho žena.   „Ty by si shnil, ak by si musel ako ja, každý deň chodiť do skladov   na trávu, kde mi aj deväť tŕňov vojde do päty za jeden deň. Daj, nech   ti zaviažem!” „Nekarhaj… obviaž!” odvrkne gazda, ruku pred ženu   otrčiac. „Mara a pre teba zas bol tu posol od Paľa, že už umiera, ale   som povedal, že si odišla k sestre na lazy a neprídeš len o týždeň,   aby nechodili.” „Oh Mara, Mara, už sa sťutuj!” prosí Petráška zas sa   k tej obrátiac, a Majzovka- ničomnica zdvihne ruky tiež. „Keď teba   tvoje dieťa tak zneuctí ako mňa syn, potom vrav, dotiaľ nevieš, aký   je môj žiaľ!” odsekne stará, zdvihnúc umorenú hlavu vzdorovito.   Domáci obzreli sa za svojou dcérou mimo- voľne a naľakano. Bože   zachráň a zavaruj od toho, aby tá takô vykonala, čo im je ako slnce v   dome. I len pri myšlienke na to, vychytila ich triaška. Odstupujú od   starej, 56
    </tei:p>
    <tei:p>
     ﻿shrbenej a idú za svojou prácou. Suseda tiež opúšťa ticho izbu a   gazda so zaviazaným paľcom vychodí na dvor k robote — má jej každý   dosť. Stará Mara ostala sama v izbe. Odomkla ládičku, čo mala v kúte,   a odkrojila si kus čierneho chleba. Prešla ku sporáku, kde mala na   múriku črepničku s jedlom, že si zastrebe z neho. Načrela chatrného   jedla na lyžicu a podniesla k ústam. Odchlipla zpoly lyžice a   prežrela, no jedlo nechutí. Je studené. Žalúdok nezohreje, iba   obťaží. Stará položí nazpät črepničku, zakryje pokrievkou, na ňu   položiac i čierny chlebík. Zohreje sa jej, keď bude gazdiná kúriť na   večeru — potom sa najie. Starena vracia sa na svoje miesto za dvere,   kde jej dali miestočka a sadla na tvrdú lavicu. Shrbila sa do   hŕbčičky, ako mohla najmenšej. Tvár zbedovaná prijala jej výraz   nepokoja. Srdce, duša, myseľ — všetko pobúrené. Myšlienky nezvyčajné   ju zachvacujú. Či nezhrešila proti synovi aj ona? Či nemohla byť   lepšou matkou? Či nemohlo byť aj lepšie s nimi, keby ona ne- 57
    </tei:p>
    <tei:p>
     ﻿bola ochabla, keby sa bola prichytila inak, kárala, skazovala muža   inak? A Či nemá uznať synovi, že len zlé zakusoval a dobrého nikdy,   že sa plietol po službe, lebo mu oni ani ten odev, ba ani to jedlo   nemohli dať! Veď len za to zhrešil, že bol v biede. Ľahko je   majetnému byť dobrým, ale kde nemáš ani to najpotrebnejšie, do   hriechu ľahko upadneš. Tam je po láske, tam je srdce v rozopre s   celým svetom … A či nemohla isť aspoň vtedy, keď ju volal, čo aká   slabá bola, pomáhať mu pri staväní domu, skrotiť odpor k planej   neveste — a načo sa potom idúc raz do poľa šla podívať, keď dom bol   hotový a pokúšať ho? Načo sa starela i do toho, že koho si vzal on? …   A starej shrbenej srdce sa sviera bolesťou. Len ona je vina, nik   druhý!… Kavky, ktoré ďubaly srdce Paľovo, doliehajú na ňu a teraz   ďubú ju. „Choď k synovi, choď k synovi, choď k synovi!” hučí jej v   duši naliehavo, spurné, horúce… „Ak ma ešte prídu volať k nemu, tak   pôjdem . .. Nie!” vstane starká, nechajúc 58
    </tei:p>
    <tei:p>
     ﻿svoj kútik „čo aj nepríde už nik, ja idem!” Vzala obrúsok a   opustila izbu i kráča zrnužile dolu dedinou k synovmu domu .. .   „Vidíte aký je už?!” vravela Zuza v tú chvíľu kmotre, ukazujúc na   Paľa osinutého, ktorý ako posedlý šeptal — vravieť už nevládal — len   to: V izbe je čisto a poriadok. Cez dosť veľké okná svietia lúče   zapadajúceho slnka, opierajú sa na posteľ Paľovu i ďalej na kolísku   dieťaťa, ktoré hrá sa s nimi trepotajúc ručičkami. „Ah uspokoj sa,   uspokoj sa — už ti je súdené odísť len tak!” vraví k mužovi s plačom,   utierajúc a bozkávajúc jeho studené spotené čelo. Tu skríkne kmotra:   Zuza strhne sa a skočí ku dverám, potom ku Paľovi a zas ku dverám   zmätená radosťou. Rozprestrie ruky, akoby ju chcela schytiť a doniesť   na rukách k Paľovi. Zasa beží k nemu, že ho zdvihne, no už chamril sa   hore sám. „Pomocte, pomocte!” chripí dychtivo, skrúcajúc hlavou proti   dverám „Pošlite mater, pošlite mater.. „Idú!” 59
    </tei:p>
    <tei:p>
     ﻿zkade vstupuje jeho maf, blížiac sa k nemu nie sklúčená, ale   náhlivé. Tvár Paľova je premenená, zjasnená, akoby videl krásne   zjavenie. Keď došla k nemu, lapil jej ruky chvatom, potom stiahol jej   hlavu a zľúbal jej čelo pri sluche kde mala jazvu zahojenej rany.   Žatým klesol nazpät na vankúše bezvládne, no ruku jej nepustí od   seba, ale tisne k chladnúcim rtom. Starká ticho stojí pri posteli.   Ruku neodfahuje od jeho úst, druhú kladie na jeho hlavu a žehná si   syna. Tvár jej ubiedená prijala výraz mäkký. Oči jej s ľútosťou a   láskou spočívajú na ňom. I jej je ľahšie, že odpustila, ako s tým   ostňom hnevu v srdci. Paľo žiadal k sebe ešte i ženu a dieťa, potom   zaviera oči. Na tvári jeho rozlial sa pokoj. Oddýchne si už teraz a   potom … potom zas na strašnú muku, kde sa mu ukáže v poslednej hodine   mrtvý otec. No Paľo sa viac nezobudil — toho tretieho kríža bol   sprostený. — 60
    </tei:p>
   </tei:div>
  </tei:body>
 </tei:text>
</tei:TEI>
