<?xml version="1.0" encoding="utf-8"?>
<tei:TEI xml:id="slk2012554" xml:lang="slk" xmlns="http://www.tei-c.org/ns/1.0" xmlns:eltec="http://distantreading.net/eltec/ns" xmlns:tei="http://www.tei-c.org/ns/1.0">
 <tei:teiHeader>
  <tei:fileDesc>
   <tei:titleStmt>
    <tei:title>
     Študentský majáles : ELTeC edícia
    </tei:title>
    <tei:author ref="viaf:49245103">
     Zechenter-Laskomerský, GustávKazimír (1824 - 1908)
    </tei:author>
    <tei:respStmt>
     <tei:resp>
      editor
     </tei:resp>
     <tei:name>
      Marek Vician
     </tei:name>
    </tei:respStmt>
   </tei:titleStmt>
   <tei:extent>
    <tei:measure unit="words">
     1638
    </tei:measure>
   </tei:extent>
   <tei:publicationStmt>
    <tei:p/>
   </tei:publicationStmt>
   <tei:sourceDesc>
    <tei:bibl type="printSource">
     <tei:author>
      Zechenter-Laskomerský, Gustáv Kazimír
     </tei:author>
     <tei:title>
      Študentský majáles
     </tei:title>
     <tei:pubPlace>
      Bratislava
     </tei:pubPlace>
     <tei:publisher>
      Kalligram
     </tei:publisher>
     <tei:date>
      2012
     </tei:date>
    </tei:bibl>
    <tei:bibl type="firstEdition">
     <tei:author>
      Zechenter-Laskomerský, Gustáv Kazimír
     </tei:author>
     <tei:title>
     </tei:title>
     <tei:pubPlace>
     </tei:pubPlace>
     <tei:publisher>
     </tei:publisher>
     <tei:date>
      1870
     </tei:date>
    </tei:bibl>
   </tei:sourceDesc>
  </tei:fileDesc>
  <tei:encodingDesc n="eltec-1">
   <tei:p/>
  </tei:encodingDesc>
  <tei:profileDesc xmlns:eltec="http://distantreading.net/eltec/ns">
   <tei:langUsage>
    <tei:language ident="slk"/>
   </tei:langUsage>
   <tei:textDesc>
    <eltec:authorGender key="M"/>
    <eltec:size key="short"/>
    <eltec:canonicity key="unspecified"/>
    <eltec:timeSlot key="T2"/>
   </tei:textDesc>
  </tei:profileDesc>
  <tei:revisionDesc>
   <tei:change when="2025-02-17">
    Initially created as an ELTeC file
   </tei:change>
  </tei:revisionDesc>
 </tei:teiHeader>
 <tei:text>
  <tei:front>
   <tei:div type="titlepage">
    <tei:head>
     Študentský majáles
    </tei:head>
    <tei:head/>
   </tei:div>
  </tei:front>
  <tei:body>
   <tei:p>
    Môj priateľ Matej, plešivý ako koleno, keď už bol dobrej vôle, rád   si spieval: „Der Mensch muss a’ Freud’ haben, und a’ Freud’ muss der   Mensch haben, und wenn der Mensch ka’ Freud’ hat, so hat der Mensch   ka’ Freud’.”
   </tei:p>
   <tei:p>
    Čo aký človiečik, čo aký filozof, musí mať predsa v čom tom svoju   radosť. I Achilles mal svoje miesto, kde ho raniť mohli. Dievča sa   raduje svadbe, nevesta krstu, lekár cholere, pravotár chlpeninám,   vojak prusko-francúzskemu sporu a študenti vakáciám a majálesom. Ak   vidíš po plotoch kriedou, po stenách uhľom vyteremtetované   „Vacationes”, často so smiešnymi ortografickými chybami, môžeš byť   istý, že tá obec, to mestečko alebo mesto je sídlom dajakého učebného   ústavu. Cez roky dávajú tieto výkriky svedectvá, sťa hieroglyfické   známky na egyptských rumoch, o radostnom vyčkávaní vakacionálnych   rozviazaností.
   </tei:p>
   <tei:p>
    Ale nie je nateraz našou úlohou opisovať vakácie; a preto vrátime   sa nazad k predmetu, to jest k majálesu.
   </tei:p>
   <tei:p>
    Majáles sa preto volá majálesom, že sa vydržiava v máji alebo v   bársktorom inom, na jedenie rakov priaznivom mesiaci. Veľkým pánom   býva poludnie – o šiestej večer. Náš bývalý strieborný zlatý bol   dvojakým klamstvom; nebol ani zlatý, ani strieborný, ale papierový. A   tak podľa toho ani majáles nie je majálesom. Kým zlatý striebra   pozostával z troch cvendžavých šupákov, vtedy sa i majáles – to si   dobre pamätám – odbavoval v máji; teraz sa časy i z tohto ohľadu   zmenili, a tu si s mojím plešivým Matejom ďalej spievať môžeme: „Ist   aber alles ni’t wahr.”
   </tei:p>
   <tei:p>
    Po tomto úvode pristúpime k opisu študentského majálesu. Deň   majálesov bol nám tri týždne vopred z vyššieho miesta, to jest z   katedry, ohlásený, pričom bola hneď aj daň na každú hlavu, popravde   na každý žalúdok vyhodená, a to po jednom striebornom dvadsiatniku.   Ten oznam už tri týždne vopred stal sa z dvoch múdrych príčin: po   prvé, aby sa študenti o toľko dlhšie kochali radosťou, a po druhé,   aby študenti tým ľahšie mohli mobilizovať svoje plytké   verthajmky.
   </tei:p>
   <tei:p>
    Bože, tá radosť! Čo som pohodlne vybaviť mohol za hodinu, chystal   som za celé tri týždne. Zháňal som kapsu po hámorníkoch, brúsil som   valašku, že som už takmer obuch z nej zodral, škripom čistil cínový   tanier a končiar so slivkovou, cínom vyliatou rukoväťou leštil som na   štrbavej kachli za príkladom dobrej matky, ktorá tam nože a nožnice   ostrievala.
   </tei:p>
   <tei:p>
    Ostatná noc pred majálesom bývala najpamätnejšou. Ten, čo je na   smrť odsúdený, máva pokojnejšiu noc, ako bola pred majálesom –   pravda, z rozličných pohnútok. O druhej po polnoci som už bol na   nohách, takže pre moje šramotenie nemali domáci pokoja. – Cínový   tanier, pohár, vidlička, lyžička, nôž a servítka fuk do kapsy,   valaška do päste, podperený klobúk na hlave, a tak vystrojený   okrídleným krokom pustil som sa do tmavého sveta. Domáci, zbavení   rebelanta, šomrajúc zamkli za mnou vráta. Mesiac, natiahnuc končitú   briadku, usmial sa, akoby ma chcel privítať: „Servus, blázon!” Slnce   si ešte ďaleko, voľakde za Šalkovou, vytieralo škamry.
   </tei:p>
   <tei:p>
    Miesto schôdzky bolo na horných lúkach pri Banskej Bystrici,   nazvaných už hen v 13. storočí „pratum castrense”. Z čoho sa s   matematickou istotou dá uzatvárať, že už i vtedy študenti vydržiavali   majálesy. Okolo stĺpov, kde povrazníci žinky snúvali, sme sa   zbierali. Prečo páni profesori práve toto povraznícke snovadlo na ten   cieľ za príhodné držali, to neznám. Konečne vyholené slnce vykuklo   spoza Pavelcového jedným očkom na veselú chasu. Za slncom pripálil   hneď štvorpražný voz s vínom, pivom, mäsom a druhým rárožím,   počítajúc v to i pánov profesorov a obsluhu.
   </tei:p>
   <tei:p>
    A tak sme sa v dlhých radoch vydali na cestu proti Dúbrave nad   Príbojom. Teraz nastala revnivosť, každý chcel niesť jednu zo   šiestich papierových zástav. Nie rozum, ale päsť, silné buchnáty   rozhodovali. Starý, suchý – podľa remesla krajčír, podľa hodnosti   gymnaziálny kurátor – pán Árvay, v dlhom modrom fraku s mosadznými   gombíkmi viedol predok a my všetci – „korak, korak za korakom” – išli   sme za jeho frakom. Spievali sme striedavo „Joannes Kelemen, dux   studiosorum”, zase „Maria Theresia hoc dedit mandatum, nullum   studiosum amplius armatum”, alebo „Dnes je svátek máje, pujdeme do   háje” atď. Nohami kopaný prach kúril sa cestou v žltých oblakoch, na   vlasy, mihalnice sadala sivá osuheľ, nosy rozdrapujúcich sa spevákov   však obrúbil čierny pás ovlhnutého prachu. Nebožiatka! – Ale čo to   škodí, keď je len majáles!
   </tei:p>
   <tei:p>
    O hodinu vyzerali sme tak ako kurčatá, keď ich pred vyprážaním,   žĺtkom oblepené, posypú rožkovými omrvinkami. – Konečne vyhnúc z   cesty, škriabuc sa hore pekným melafýrovým kopcom medzi sosnami a   brezami, dorazili sme k cieľu. Tu stáli pohotovo dvaja lesníci, aby   stromy pred nami – lykožrútmi – zachránili. Prvá starosť teda bola   urobiť týchto cerberov neškodnými, to jest do stavu obleženia,   rectius – položenia doniesť. Dobrým slovom dá sa veľa vyviesť, ale   ešte viac sa dá vyviesť dobrou borovičkou. No dosť na tom, nezadlho   po tom šľachetnom privítaní, ležali sme vystretí jeden pri druhom ako   ryby v kalendári v tôni nimi starostlivo strážených stromov. – A   potom furdes, valaška, rúbaj! Breza, čo študentom i tak odjakživa na   prekážke stojí, kláti sa a padá – a ona, táto krutá zadovka, ktorá   svojimi hybkými prútmi nejedného študenta už zohriala, vynesená teraz   na kolibu, má im poskytnúť žiadaný chládok.
   </tei:p>
   <tei:p>
    Na pažiti medzi dubiskami blčí obetnica, prameň života, nietená   suchou raždinou, a okolo nej krútia sa tri dobre akreditované bohyne   v podobe kuchárok s nožmi a vareškami. Vážna úloha stojí im zreteľne   vyjadrená na ožiarených tvárach, ktoré si tu i tu chránia pred   žeravým uhlím spak vyvrátenou dlaňou. Kolosálne ženské sa už takmer   varili, len toľko, že nekľochtalo v nich a že netiekla z nich   srvátka. Ale bolo i prečo! Stopäťdesiat papúľ rozličného kalibru   gulášom a národnými haluškami – diftongi longi – zapchať, je veru nie   bagateľ!
   </tei:p>
   <tei:p>
    Tam oproti pod košatým bukom vydychuje chvojinou ovenčený,   naširoko rozložený sud s pivom a pri ňom nemluvniatko, súdoček s   vínom, opravdivý Ladislaus Posthumus, lenže sa nevolal Ladislav, ale   Antalok. – Lační sme boli ako šášky, a do obeda ešte hej! – Pomohli   sme si, ako sme vedeli. Chudobný rechtor, keď jeho deti chleba   pýtali, a on ho nemal, chcejúc myseľ detí odviesť, vynašiel tento   hlbokomyseľný pedagogický vtip: kresal deťom iskry z kremeňa, kiš,   kiš, kiš. Et salvavit animam suam. No i my, aby sme za egyptskými   hrncami a rajnicami nebažili, aby nám čas do obeda príjemne ubehol,   hrali sme sa o zbojníkov, hru vše obľúbenú, kde sme hneď brúsili i   vyššiu estetiku, napodobňujúc, čo len možno prirodzene, všetky fázy   zbojníckeho života až po samú exekúciu.
   </tei:p>
   <tei:p>
    Každý príchod nových hostí, každá epocha pri dováraní, napríklad   keď sa oškvarky na halušky vyliali, keď sa zemiaky do guláša vsypali,   bola vítaná mažiarovou streľbou a hulákaním.
   </tei:p>
   <tei:p>
    Prišiel obed. Kto videl zverinec v čas kŕmenia, môže si predstaviť   náš obed. Ticho, hrobové ticho. Okrem klepotu lyžičiek, sekania zubov   a vrzgotu naťahovaného húžvového mäsa, inšieho si tu, hriešny   človeče, nepočul. Fí, stálo že to práce a potu! – Za tým nasledovalo   napájanie. Pri sude nastal súdny deň. Frakovitý kurátor musel sa   vzpierať rukami-nohami oproti návalu majálesantov, aby mu čap   nevyrazili. Takáto hľa bola jeho hodina!
   </tei:p>
   <tei:p>
    Ledvaže ostatný koštiaľový ohryzok z pokrmnice zmizol, nastalo   stolovanie pánov profesorov, čo sa quo ad qualitatem, od študentského   značne líšilo. Došlí hostia pekného pokolenia, obťažení vínom,   pečienkami a štrúdľami – po latinsky „circumdederunt” nazvanými –   hodovali s nimi viribus unitis.
   </tei:p>
   <tei:p>
    „Čo je z krvi, to sa mrví.” – Pivom rozjarená študentská chasa pri   frfotaní turnérskej hudby pustila sa do tanca. V nedostatku ženskej   pleti skákal jeden capo s druhým. A pretože v ten čas bola ešte   tanečná gymnastika študentom, neznám z akých estetických a či   mravných príčin, nedostupná, náš tanec bol trma-vrma, tlačenie   otlakov, šteklenie rebier lakťami, výskanie a miesenie sa, sťa   kapusta s bryndzou. Ten robil posunky, akoby sa učil plávať; tamtí sa   zase dookola krútili ako kávový mlynček, a vôbec, na tom malom   priestore boli zastúpené všetky tance vzdelaného sveta a indických   divochov. – Ale sic vos non vobis mellificatis boves; skoro sme   museli odstúpiť z dejiska dýchavičného činu a museli druhým, neskôr   príchodzím národom, ustúpiť miesto, práve tak ako tí Slováci. A nám   už potom bolo „vix est in sentina locus”.
   </tei:p>
   <tei:p>
    Po našom odstúpení zvŕtali sa páni profesori. Dávid tancoval pred   archou a Dávid bol rex reverendus, prečo by sa teda tiež reverendy v   tanci zúčastňovať nemali?
   </tei:p>
   <tei:p>
    Na duši i tele zmorení vracali sme sa domov, práve keď slnce za   kremnické hory zaskočilo, a to tým istým poriadkom a či neporiadkom,   len nohami viac motajúc, vo veľkom pracovnom kudlovisku.
   </tei:p>
   <tei:p>
    V Mekke je kameň od tureckých pyštekov, ktorými svoje hriechy   skladajú, čierny a vyhĺbený. V Aja Sofii v Carihrade videl som v   mramorovom stĺpe prstami vyďubanú dierku, len z toho pošlú, čo si   proti boleniu hlavy čelo potierajú vlhkosťou mramorom vypotenej rosy.   No i pred starým gymnáziom v Banskej Bystrici na zámku – vtedy ešte   dookola múrom obohnanom – pozorovať bolo pred vrátami v dlážke   červenú, tvrdú, vyžľabenú žabicu, kresačkou nazvanú. Tu si každý   študent, prv ako by bol do chrámu múz vkročil, podkovičky proboval,   kým sa nezaiskrilo. Bol to kameň urážky, otcom na hriech a škodu,   čižmárom ku zvláštnej úctivosti...
   </tei:p>
   <tei:p>
    Na druhý deň ráno po majálese zišli sme sa okolo toho kameňa;   kresali sme ako obyčajne, pretriasajúc a rozkladajúc včera prežité   dobrodružstvá. Potom sa šlo do kostola, po kostole ale len práve   napospas do školy, lebo majálesový „kacenjammer” prekážal i   poslucháčom, i prednášajúcim, ktorí veru tiež na infallibilitu hlavy   netrpeli, a tak o krátky čas rozpustení, prebumlovali sme celý deň   ako ópium fajčiaci Číňania.
   </tei:p>
   <tei:p>
    Nuž ale, clarissimi, tempora mutantur et nos mutamur in illis.   Teraz všetko, i majálesy idú rýchlosťou pary. Študenti teraz nechodia   po majálesoch s valaškami a s kapsou, ale s cigarami v ústach a s   cvikerom na nose. Veru za tridsaťosem rokov sa veľa zmení! Mnohým z   mojich kamarátov zapchali sa ústa a nebudú nikdy viac jesť diftongos   longos, nebudú viac circumdederunt – čo im i tak na ďalekú cestu dali   – hrýzť, ale zahryzli do zeme. Z našich šiestich učbárov už len jeden   tlačí zem, i to viac fotelom ako nohami. Vyskočiť na majálese by už   ani na piaď nevedel.
   </tei:p>
  </tei:body>
 </tei:text>
</tei:TEI>
