<?xml version="1.0" encoding="utf-8"?>
<tei:TEI xml:id="slk1894604" xml:lang="slk" xmlns="http://www.tei-c.org/ns/1.0" xmlns:eltec="http://distantreading.net/eltec/ns" xmlns:tei="http://www.tei-c.org/ns/1.0">
 <tei:teiHeader>
  <tei:fileDesc>
   <tei:titleStmt>
    <tei:title>
     Zápisky zo smutného domu : ELTeC edícia
    </tei:title>
    <tei:author ref="viaf:19713382">
     Kukučín, Martin (1860 - 1928)
    </tei:author>
    <tei:respStmt>
     <tei:resp>
      editor
     </tei:resp>
     <tei:name>
      Marek Vician
     </tei:name>
    </tei:respStmt>
   </tei:titleStmt>
   <tei:extent>
    <tei:measure unit="words">
     14499
    </tei:measure>
   </tei:extent>
   <tei:publicationStmt>
    <tei:p/>
   </tei:publicationStmt>
   <tei:sourceDesc>
    <tei:bibl type="printSource">
     <tei:author>
      Kukučín, Martin
     </tei:author>
     <tei:title>
      Zápisky zo smutného domu
     </tei:title>
     <tei:pubPlace>
      Turčiansky Sv. Martin
     </tei:pubPlace>
     <tei:publisher>
      Kníhtlačiarsky účastinársky spolok
     </tei:publisher>
     <tei:date>
      1894
     </tei:date>
    </tei:bibl>
   </tei:sourceDesc>
  </tei:fileDesc>
  <tei:encodingDesc n="eltec-1">
   <tei:p/>
  </tei:encodingDesc>
  <tei:profileDesc xmlns:eltec="http://distantreading.net/eltec/ns">
   <tei:langUsage>
    <tei:language ident="slk"/>
   </tei:langUsage>
   <tei:textDesc>
    <eltec:authorGender key="M"/>
    <eltec:size key="short"/>
    <eltec:canonicity key="unspecified"/>
    <eltec:timeSlot key="T3"/>
   </tei:textDesc>
  </tei:profileDesc>
  <tei:revisionDesc>
   <tei:change when="2025-08-21">
    Initially created as an ELTeC file
   </tei:change>
  </tei:revisionDesc>
 </tei:teiHeader>
 <tei:text>
  <tei:front>
   <tei:div type="titlepage">
    <tei:head>
     Zápisky zo smutného domu
    </tei:head>
    <tei:head/>
   </tei:div>
  </tei:front>
  <tei:body>
   <tei:p>
    ﻿I. Nie je to ľahká vec nájsť si dobrý byt i na Kráľovských   Vinohradoch. Zvlášte začiatkom októbra, keď sa prihrnie študentstvo,   hoci na Vinohradoch je bytov nových a elegantných veľmi mnoho. Vybral   som sa i ja na trpkú cestu — hľadať byt, lebo nechcel som bývať na   ulici. Prácu poľahčuje tá obyčaj, že na dom, kde je taká izba,   vyvesia cedulu. V takých cedulách sa vyznať vyžaduje mnoho   psychológie i veľkých praktických zkúseností. „ Zde jest byt pro   svobodného pána neb dámu v I. patŕe k pronajmutí. Zvláštni vchod. Na   takú cedulku som sa nikdy neulakomil. Drahota nesmierna sa z nej   škerí. Vošiel som náhodou do Kučlcovej ulice a na rohovom dome visí   cedulka: „Zde jest pokoj pro svobodné pány k pronajmutí. K zeptání u   domovníka.“ Oznam dosť skromný, ale ten dodatok je ako kosýlka.   Partaj nebodaj podplatila domovníka, aby izbu do neba vychválil a   nedal patričnému tak ľahko sa vyšmyknúť. „No, nie som dnešný“, myslím   si. „Ani domovníkovi nedám sa tak ľahko oblafnúť.“ Vošiel som bránou   do malého dvorka a zo dvora do domu, vlastne na chodbu. Vpravo dvere,   nad nimi nápis: Domovník. Ozval sa zpoza dverí buchot. kladivca, ako   keď sa vtĺkajú klince do podošvi. Domovník to bude iste, lebo, ako   známo, na Vinohradoch domovník je buď čižmár alebo hokynár. Oni môžu   vysedávať doma, preto ich domáci páni radi berú za domovníkov. Martin   Kukučín: Sobrané Spisy VI. 13
   </tei:p>
   <tei:p>
    ﻿194
   </tei:p>
   <tei:p>
    „To je gusto! Pokoj jako ratejna!“ chválil izbu domovník, kráčajúc   predo mnou schodmi. „Svetla maj í hromadu a ticho taký. Je to vdova s   holkama a nemá detích.* Nechcel som ho podchytávať, ako je to, že   nemá detí, a predsa má holky. I hovoriť prišlo ťažko, lebo ma viedol   do oblačnej výšavy — na III. poschodie. Naraz sme sa našli na chodbe,   kde bola tma, že ju mohol bezpečne krájať. Skoro som sa bál, že ma tu   ch3dí za hrdlo a skričí: „Vezmeš si kvartiel, či nevezmeš ? Ale   nestalo sa to. Tma sa razom rozpŕchla. Domovník otvoril totiž dvere i   obzrel sa, či idem za ním a či som azda utiekol. „No, tak. Už jsme   tady. Vono je tady drobátlco tma, ale jen ve dne. Vedu jim pána do   bytu!“ oznamoval to už domácim. Vstúpil som do neveľkej izby, vlastne   kuchyne. Stôl, kanap, dve postele, pár stoličiek, čosi kuchynského   riadu a singrovka. „Chudoba, psota, bieda! ‘ To sa mi ozývalo zo   všetkých kútov. Predo mnou stojí ženská drobná, chudorlavá, čisto,   ale chudobne oblečená. Jej oči dotkly sa ma zbežne a hneď zablúdily   do kúta. Dve dcéry stoja za stolom, neďaleko obloka — jediného v izbe   — a zvedavo si ma merajú. Jedna sa náramne ponáša na matku. Iba žs je   vyššia, ale prihrbená. Je tiež taká chudá i taká čierna. Mladšia je   veľmi pekná, plná, pleti sviežej a ,pčú veselých, usmievavých.   Odvrátily sa k obloku, ako zbadaly, že ich prezerám. „Tak ráčte se   podívat — to je tady vedie“, ozvala sa stará. Ona šla popredku, ja za   ňou. Domovník si stal do dverí — vari aby ma tak chytro neprepustil.   Utiecť nebolo príčiny. Izba neveliká o jednom obloku, ale čistá,   čistá. Vidno, že tri žen} sa o ňu starajú. Stôl, lcasňa, kanap,   šifonér, posteľ, obrazy a veľké zrkadlo proti dverám, práve nad
   </tei:p>
   <tei:p>
    ﻿195
   </tei:p>
   <tei:p>
    kanapom. Obraz pod zrkadlom vábil hneď moju pozornosť. Nad rakvou   devy plače otec, mať a brat. Obraz malý, prostý, ale nie jarmaročný.   Nevynikal pestrotou farieb, naopak, všetko zachádzalo v akejsi   pošmúrnej šedosti. Ale práve to, myslím, výhodne vzbudzovalo náladu.   Na tvári mŕtvej devy sídli nekonečný, svätý mier i tutlaný žiaľ.   Vôbec myslím, že pôvodca musí patriť k lepším maliarom. Nad postelou   visí druhý obraz, tiež deva, ale živá. V čiernom oblečená, ruky k   modlitbe složené, žiaľ v tvári i slzy na riasach. S tou čerňou živo   kontrastujú žlté, bohaté vlasy, rozpustené na pleciach. I z neho veje   bôľ a spolu tichá resignácia. Už toto ma vábilo vziať si túto   izbičku. Vidno v nej i vkus, i trošíčku pohodlia. Hľa, pri posteli   neveliký stolík, prikrytý čipkovým obrúskom. Možno1 i v posteli   čítať, keď sa zunuje večer sedieť. „Jalcá jsou kamna?“ preskočil som   hneď 1c čiernej próze života. Pec, ako známo, v zime vzácna vec, a   nechcel som, aby ma z iýby vykädila. „Dobré, velice dobré ‘, odpovedá   ona. A na pohľad nieto vskutku čo vytýkať. Sú hlinené, biele, nikde   nevidno špáry, ani začadeného pásu. „Umývadlo také dostanete“, riekla   razom a hneď zatíchla. „Vziať — nevziať“, čítam si na gombíkoch. Hľa,   ani som nezbadal, že dvere sú sklenené. Bude mi vidno do izby — vec   nepríjemná! Sú na nich záclony, ale riedke. Hm, nemilá vec, naozaj.   Hľa, prezerajú si ma zpoza záclon dievčatá, sťa indického slona.   Šepkajú — ale hneď sa odv vracajú, keď zbadaly, že som pozrel na ne.   „Hm — budem ich i ja vidieť!“ pomyslel som si. „Uvidíme, kto koho   vytrucuje.“ „A co žádáte?“. Už som bol úplne rozhodnutý. Iba cena ma   mohla odstrašiť. Zacenila mi tak nízko, že pomýlený začal som znovu   prezerať, či je to pravá izba, či tu nebude i3*
   </tei:p>
   <tei:p>
    ﻿196
   </tei:p>
   <tei:p>
    nejakého úskoku. No všetko tu je pravé, solídné. Vysvetlil som   jej, že budem tu bývať samotný, a že za takúto izbu platí sa toľko a   toľko. „Tak pridáte zlatku a za obsluhu zlatku!“ rozhodla ona. Suma   bola ešte i takto hlboko pod normálom. „No, prát se s ní nebudou,   když více nechce!“ pošepkal mi domovník do ucha. „Berou, když jim ho   dává. To mají ňákej pokoj!“ Vrátili sme sa do kuchyne a ja vyčítal   som nájom na prvý mesiac. „Já ješté neméla pány v byté“. podotkla   akoby zahanbená, berúc peniaze. „Tak? Vyjsteseteprv pŕistéhovala do   Prahy?“ „Ba ne! Ale teď v lete umrel mi muž.“ „Ale — ale“, chcel som   ju tešiť. „A co se mu stalo?“ „On byl u dráhy. Tak od toho.“ „Nemél   chuti k jídlu?“ pýtal som sa hlasom kšeftovným. Každému chorému počul   som predložiť túto otázku. Vykĺzla i mne viac z obyčaje. „Inu — tak.“   Iste nevedela, čo odpovedať: moja otázka ju akiste prekvapila. I   domovník si utrel fúzy päsťou. Dievčatá znezrady sa rozchichotaly a   odvrátily k obloku. Ja som sa zapálil. Mať pozrela na ne hnevlivo a   riekla: „No — co to? Ale ony i ďalej tutlajú smiech. Po obede som   zaujal byt a do večera cítil som sa ako doma. To môže iba človek   zvyklý sťahovavému životu, ako ja. V kuchyni panuje hrobové ticho.   Ani dýchnuť sa neopováža. Len tu i tu zaklope na chvíľku singrovká.   To ma trochu hnevá. „Veď sa ony rozkrákoria, keď ma poznajú bližšie“,   uspokojoval som sa. Presedel som celý večer nad knihou, a v kuchyni   ani slova. Iba okolo deviatej čo prišla pani postlať a doniesť vody.   Keď som o desiatej líhal, v kuchyni bolo už tma; čuť
   </tei:p>
   <tei:p>
    ﻿197
   </tei:p>
   <tei:p>
    len tiché, odmerané dýchanie a tu i tu nesrozumiteľné slovo.   Ktorási zo susediek hovorí zo sna. Požehnával som osud, že ma viedol   do tohto domu. V izbe čistota, ticho a jednostaj teplo. Pec je priamo   geniálna! Lopatka uhlia, a už je teplo. S domácimi málo hovorím, len   čo je nevyhnutné. Dobre zostať zapätým, aspoň človek nemá klebiet.   Keď prechodím kuchyňou, vstane všetko s miesta ako na komando a v   chóre ma pozdravuje: „Má úcta!“ Bol by dal mnoho za to, keby som tak   neviditeľne mohol sedieť na ich kanape. Či i vtedy tak mlčia, keď ma   nieto doma? No nebude to tak. Neraz čujem hovor do tmavej chodby,   idúc domov. Ale razom zatíchne, keď otvorím dvere, ani čo by sekol.   Vidno, že sa mňa boja. V nedeľu s obedu som nechodil domov. Až okolo   deviatej som sa vraciaval. Raz v nedeľu ma čosi zašlo, že som musel   ísť domov okolo štvrtej. Našiel som celú rodinu vyobliekanú, menovite   mladšie dievča. Bola veselá, líca červené. Jej smiech som začul do   tmavej chodby. Postavily sa zas do gliedy a privítaly ma svojím: „Má   úcta!“ Ale bolo ich o jedného viac. Pri Adélke sedel na kanape mladý   človiečik. Videl som, ako vypustil jej ruku zo svojej, keď som vhupol   do izby. Človek veľmi úhľadný, vyriadený, čistý, s usmievavou, skoro   hladkou tvárou. Veľmi sympatický zjav! I on sa postavil a poklonil sa   mi. „Aha — milovník Adélkin!“ pomyslel som si, idúc izbou. Robil som,   ako by ho ani nevidel, lebo Adélka bola v rozpakoch. Staršia,   Maŕenka, uhádla vari moju myšlienku. Pokrytecky sa usmiala. Od tých   čias každý deň som ho vídal u našich. Prichádzal večierkom a doniesol   i večeru: niečo od údenára, mäsa alebo salámy. I poháre s pivom   zjavily sa tu i tu na stole. Pani bývala v taký čas veselšia a, zdá   sa, i nie taká bojazlivá. Neraz som
   </tei:p>
   <tei:p>
    ﻿198
   </tei:p>
   <tei:p>
    pristihol Adélku s frajerom na chodbe, alebo na schodoch. Stáli si   družne, i za ruky sa držali. Nebodaj ho šla vyprevadiť. Stretol som   ich viac ráz i na ulici sa prechodiť. Vôbec prestali sa predo mnou   ukrývať. Raz v treskúcej zime, koncom novembra, okolo polnoci som   šiel domov. Brána sa obyčajne o desiatej zaviera. Zacengal som   energicky. Zvonec je starej sústavy: na drôte, nie elektrický. Čakám,   čakám — cengám ešte tuhšie, a zas čakám a chodím a cengám... V nohy   ma oziabalo, čakanie ma omrzelo. Čo robiť? Domovník alebo zaspal,   alebo zvonec je zkazený. Nadišlo ma pokušenie chytiť zvonec a, ako   istý známy urobil, vysnovať drôt na ulicu i so zvoncom. Na šťastie, v   prízemí domu nášho je „restaurace“, volá sa „U bílého skopaý Ozýva sa   z nej spev a klavír. Chodievajú sem najviac delníci a preto v stred   býva tu mŕtvo, zato v sobotu a v nedeľu veselo. Vstúpil som. Hustý,   štipľavý dym búšil ma do prsú — div ma o zem nehodilo. V jednom konci   „logálu“ sedí plno ľudí, v druhom sa tancuje s animom. Vypil som   pohár piva, také tu volajú „patoky“, t. j, slievky. Nuž ale čo   nevykoná človek, keď sa chce dostať do postele premrznutý, ustatý a   ospalý? A bez tejto obete hostinský by ma nebol prepustil, ale by mi   bol nadal, že som „špina“ a že tu „není žádný volný prúchod . Vyšiel   som rozhorčený do dvora a zo dvora do chodby, a poď ku dverám   domovníkovým. Čó mi ruka stačila, zabúchal som mu päsťou na dvere. V   celom dome zhrmelo. „Co jsou to za lumpi!“ vykríkol domovník,   vybehnúc ko mne taký, ako bol v posteli. Zapálil som sirku a   zasvietil mu rovno do očú. Zažmurkal, a až teraz sa spamätal, kto   stojí pred ním. „Kde máte zvonec?“ kričím ja a bezohľadne
   </tei:p>
   <tei:p>
    ﻿199
   </tei:p>
   <tei:p>
    odstrčil som ho na bok. Drôt, vidno, beží do izby, ale zvonec bol   by nedbal vidieť. Vkročil som a podivil sa. Veď ten zvonec nemôže   zvoniť — napchaté sú doň klky. „Tak, vy tald“ vykríkol som. „Tohle je   poŕádek? A já mám tady zvonit!“ V posteliach sa vynorily z perín   všakové postavy. Tam domovnica v bielom čepci a dvoje detí pri nej,   tam akýsi šuhaj, ktorého vídam tmoliť sa v pantofliach a bez kabáta   po dvore. Možno. syn. Tamto zas Andula domovníkova, strapatá,   vyvaľuje na mňa oči. Toto a domovníkova prestrašená tvár ma razom   skrotilo. Sirka mi vyhasla, zostali sme vo tme — a ja sa musel tajne   rehotať nad jeho skyelým výmyslom. „Vážnosto — vono ten zvonek   nezvoní. Dnes je jako nedele a tam v logálu je takové holoty, a vedí,   to porád trhali za kliku a j á si moh’ nohy ubéhat. Tak já todle   udelal, ať si zvoní — vedí. A slušnému lidu, jako vôni, jsem   nezavrel. Vážnosto — dyť je brána otevŕena. Líbéj’ se podívať!“ A   chytá ma za ruku a v tej zime uteká so mnou do brány. Skutočne   otvorená. Ako ľahko mohol som vojsť do domu, len kľučku stistnúť! Ale   kto videl kedy takéto poriadky? Bol som zahanbený nemálo, keď sme   vošli do domu. „Vite, to také není v porádlcu“, hovoril som už   miernejšie., „Což kdyby to zvédela polície?“ „Ale ’dou, vona se to   nedožví! Kde pak: to se nebojej’! Táto epizóda ma veľmi rozveselila.   Zaspal som sladko a spal do bieleho dňa, dlhšie, nežli obyčajne. Šiel   som, ako obyčajne, na polhodinu sa prejsť, kým sa izba vyriadi,   vykúri. V kuchyni ma pristavila pani a odprašovala pre nočnú   nepríjemnosť. Schodiac do prízemia, dohonil som pani Srbovú.   Vyobliekaná, s košíkom na ruke, ide akiste ku-
   </tei:p>
   <tei:p>
    ﻿200
   </tei:p>
   <tei:p>
    povať dennú potravu. Obzrela sa na mňa, a jej okrúhla, červená   tvár sa mi usmiala. I na chodbe sme sa často stretávali, nikdy sa mi   takto neusmiala. „To jste znamenite proveď v noci. Já se smála! Já mu   to pfeju. S klíčem od sklepú nebo od pudy jalcé prútahy! Ze všeho   kouká zpropitné. On ze všeho chce vytloukat zpropitné. A to, holecku,   nejde. Hezky jste mu zahrál, znamenite. „Má služba, vážnosti!“ začuli   sme z chodby vpravo. Bol to domovník, prívetivý, vlúdlny. „Jak se   vyspali po včerejšku? Ale to byl rumí, Go, pam Srbová?“ Ja som sa   tiež usmial a bez slova vyšiel1, na ulicu. TI. Táto dramatická   udalosť pozdvihla ma v očiach všetkých partají v dome. Pán Adolf   Wolf, sluha vinohradskej záložne, ktorý býval hneď v súsedných   dverách (vchod do známej tmavej chodby), neodpovedal už na moje   pozdravenie blahosklonným: „Má ’cta!“ ale naddvihol čiapku, striebrom   obšitú; nečakal môjho pozdravenia, ale ostentatívne ma predišiel s   úctivým: „Má služba!“ Celý dom tušil, že som človek „nejaké lepší   strídy . Vídali na mojom stole knihy v poetickom neporiadku, ako to   býva u  učencov. Ale akej profesie? To nevedel nikto, ani   „pan hejtman ve výslužbe“, Zenon Kotýnek, ktorý býval v I. poschodí,   mal tri izby, bol plezírovaný na pravej nohe, a ktorý všetko vedel, i   to, čo varí dnes pani Amálie Soukupová, majiteľka trafiky, bývajúca v   prízemí, hneď pri domovníkovi. Vedelo sa, že ale aký študent? V dome   nebývalo v ostat!§e študenta. Čo bol ostatný predo mnou, Domovník   vynašiel medzi ním a mnou a pozdravoval ma: „Má služba, pane
   </tei:p>
   <tei:p>
    ﻿201
   </tei:p>
   <tei:p>
    inžinýr!“ Azda v nádeji, že ak sa mýli, ja opravím mýlku a tak sám   rozlúštim záhadu. Ja som titul prijal: tak celý dom ma zval   inžinýrom. Veď titul nerozhoduje, len nech je poriadny. Keby ho bol   odmietol, boli by ma začali volať „pane doktore“ — titul už tak   diskreditovaný, že Pepíci sa pozdravujú: „Doktore, te Búh! A že   som uzurpoval cudzí titul? Veď na titul doktora mal som práve toľko   práva, ako na titul inžinýra. Ale zanedlho som obanoval, že som sa   zastrel do takého prísneho inkognita. „Klub Sejčltú“ v prízemnej   reštaurácii nášho domu každý mesiac odbýval takzvaný „pŕátelský   večer“. Bol to „spev“, tanec a solové výstupy, čili „vejšlapy“.   Mávala na takých večierkoch účasť i krásna pleť, takej i takej   povesti. Nie div, že skoro každý taký „dýchánek“ nekončil sa sólovými   vejšlapy, ale všeobecnou revolúciou. Lebo „láska není vechetslámy“ —   a tu žiarlivosť mala dosť príležitosti k zblčaniu. Hostia poskákali   zpoza stolov a hádzali do seba najpohyblivejšími movitosťami —   pohármi. Potom by boli pochytali stoličky, keby nebolo hostinského.   Ale tento deus ex machina zakročil obyčajne v pravý čas, bol chlapina   ako buk a vypil cez deň 20 pohárov svojho piva — rozvadené stránky   „vylial“ na ulicu, kde bolo viac priestoru pokračovať v týchto   olympických hrách, pri ktorých nechyboval krik, lomoz so strany   účastníkov samých, i divákov. V taký čas ulica, inokedy taká tichá,   temer mŕtva, oživla. Obloky sa pootváraly a dámy i páni vo   fantastických nočných úboroch s účasťou pozerali tieto zápasy. Tomu   ďakujem, že viem, aké má na košeliach krajky pani Adamcová z oproti,   i slečna Kulhavá, ktorá teraz býva v Mikovcovej ulici č. 5. Policia   prišla posbierať ranených, niekedy ani to: prišla ako   „Schlusseffekt“, keď sa už obloky zavieraly a bojište bolo celkom   opustené.
   </tei:p>
   <tei:p>
    ﻿202
   </tei:p>
   <tei:p>
    Raz po tejto scéne začul som v susednej kuchyni neobyčajný ruch.   Lampa zažatá, šepot, tichý plač, naliehavé dohováranie, šuchot   pantoflí, čľapotanie vody, sťa keď sa niekto umýva. Čo robiť?   Pozrieť, čo sa robí? To vari nejde, vzhľadom na nočný čas. Ľahol som   si teda a o chvíľku i zaspal. Ráno, prechodiac v obvyklú hodinu   kuchyňou, vidím na kanape Adélkinho mladého človeka. Sviatočný,   elegantný oblek, ako vždy, ale tvár bledá a okolo čela obviazaný   servít. „Co je? Co se stalo?“ pýtam sa. „Ale, pane inžinýre, já tam   dole sedel, zrovná u dverí do výčepu. Najednou se stala rvačka, j á   jdu pryč, a už jsem ji mel. Alcorát do čela! Já výkrik’, a už jsem   nemoh’ s místa. Krev tekla a jen mne vyvedli. Teďko pujdu na úrad.   Byl to zlatník, taková holota!“ „Ale-ale“, poľutoval som ho. Viac   urobiť som nemohol v akosti inžinýra. A bolo mi ozaj ľúto, že som   nemohol obslúžiť milého nasej Adélky, ktorá bola veľmi smutná.   Nemohol som premerať ranu, „kolik cm. dlouhá, široká a liluboká“,   vysondovať „spodinu“: myslím, to by mu bolo veľmi poslúžilo. A   konečpe potešiť ho i ostatných: „Nebojte se, nebezpečný to není“, ako   to treba doložiť. Po obede som ho už u nás nezastihol. Vystal vôbec   niekoľko dní. Raz, keď mi stará večer postielala, začal som ju   ekzaminovať. Mladý človek ma veľmi zanímal. „ . . „Jak je tomu   mladému človeku?“ „Václavovi?“ strhla sa poľakaná, že sa jej vôbec   niečo pýtam. „Už lepší. Na klinice mu to zašili. Moc to bolelo. I   vlasy má pryč na té strané.“ „Vida! Proč tam leze? Patrí snad mezi   ne?“ „Ba ne! On se jen namát.“
   </tei:p>
   <tei:p>
    ﻿203
   </tei:p>
   <tei:p>
    „Tam chodí nejvíc zámečníci a truhlári“, podchytával som ju.   „Holota je to. To nejsou žádní delníci.“ „On ale není. truhlár?“ „Ba   ne! On je holič. Moc jemný človek! Tak si ho ta naše oblíbila, tak   dochází. Kdyby byl trošinku starší. Ale co delat!“ „Vždyť se oni   vernou!“ potešoval som ju. „On je moc hodný, což o to. Ale vojna!“   „To se ňák spraví. Ona žatím naroste...“ Pravdu riecť, že tento šuhaj   je barbier, veľmi ma prekvapilo. Sorty týchto ľudí nikdy som neznal   zo života privátneho. Znal som ich s tej strany, ako sa ukazujú vo   svojich „ateliéroch“. Úslužných, podlízavých, dotieravých,   klebetných, sladkých, protivných. Možno, keď vyjdú z ateliéru,   smývajú i tie vlastnosti so seba, ako posmývajú s rúk zápach   všakových vodičiek a mastí, ktorými cez deň nasiakli. Možno, sú v   ateliéri iní a inde zasa iní. Istá vec, že Adéllcy bolo mi ľúto.   Dievča ako malina, a holičský atelier! Predstúpil predo mňa obraz   holičskej dielne, kam som sa chodil strihávat. Z ulice vhupneš do   izby, vykúrenej, až vlasy dvíha, naplnenej vôňami. Na stene obraz:   Prezident Grévy prijíma novoročných gratulantov. Za zrkadlom karotky   pre abonentov po i zl. 20 kr. Izba predelená plachtou v „dílnu“ a   rodinnú svätyňu, z ktorej sa ozýva žalostným plačom dieťatko a mať   večným: „ Ci-čí, či-čí! “ I ju som videl dva razy. Rozkasanú,   roztrasenú. „Taká bude naša Adélka!“ pomyslel som si nie bez účasti a   doložil: „Biedna ekzistencia! Ja som si predstavoval, že môj pomer s   domácimi je úplne zreteľný, správny a jasný. Ale presvedčil som sa,   že svet súdi ináč. V sobotu večer šiel som do schôdzky. Na ulici som   zbadal, že som zabudol v izbe zápisnicu
   </tei:p>
   <tei:p>
    ﻿204
   </tei:p>
   <tei:p>
    spolkovú. (Bol som vtedy perom nášho spolku.) Letím po schodoch,   vbehnem do tmavej chodby. Kuchyňa prázdna. „Budú v mojej izbe najskôr   umývať, kým som preč“, pomyslel som si. A naozaj, z mojej izby   ohlášal sa ženský smiech. Vpálim dnu, a prekvapilo ma zvláštné   divadlo. Stolík celkom inde, skoro pri peci, i veliký akýsi; i posteľ   inde, i zrkadlo väčšie. Deva v rakvi pod zrkadlom chybí ... Aké to   čary ? Okolo stola asi pol tucta dievčat, mne málo známych. Je tu i   pani, lenže je tučná, blondína a červená. Pozerá mi dovočú smelo, ba   vyzývavo akosi. „Čo tu robia tieto?“ pýtam sa sám seba, pozdravujúc   dámy. „Čo tu hľadá pani Sommrová?“ Ja som ju dosial vídal iba na   schodoch, vo dvore pri studni, kde mala prvé slovo medzi slúžkami a   kuchárkami zo súsedstva. Vídal i v skliepku hokynárskom, hneď pri   bráne, kde tiež nedala jazyku zaháľať. Jej muž, pán Josef Sommcr, je   strážnikom pri polícii. Neraz, keď má službu, vbehne do domu,   chlipnúť si pár lyžíc teplej rannej polievky s kutľami, ktoré pani   Sommrová výtečne pripravuje. „To jsou k nám hosti!“ zvolala a   vstrčila stoličku ku stolu, medzi dve dievčatá, ktoré sa pomkly   ochotne, „čo pak nám nesete, pane inžinýre?“ Ja som už prehliadol   situáciu. Vošiel som o poschodie nižšie, do cudzieho bytu. Na   Vinohradoch nič divného. Poschodie jedno ako by z oka vypadlo   druhému: tie isté chodby, to isté rozdelenie izieb. „Odpusťte, pani   Sommrová“, začal som úprimne, „já jsem se zmýlil. Zapomnel jsem neco   na bytč, a tak jsem vešel 1c vám místo nahoru.“ „A to je dobrý, tohle   to Č rozosmiala sa ona
   </tei:p>
   <tei:p>
    ﻿205
   </tei:p>
   <tei:p>
    t i celý chór dám. „Však já vím, že jsou to vejmluvy!“ pohrozila   mi prstom. „Tamdle Andulka ví, proč jste to udélal.“ Andulka   domovníkova, švárno dievča, sklonila hlavu nad šitie a nepozrela   dohora. Priznám sa, obzrel som ju niekoľko ráz pozornejšie. Možno,   sverila sa niekomu, a tak prišla pani Sommrová k tejto divnej   kombinácii. „Ale, pani — co to povídají!“ karhá ju Andulka, hladiac   do šitia. „Co si pán inžinýr pomysli P “ „’dyť von ví, že já žertuju.   Bodejť bude za tebou koukat, když má tam nahoŕe. „Pani Sommrová!“   pohrozil som jej ja. „Jak já k tomu pŕijdu?“ „Bóže, ’dyť já vím, jak   to chodí. Ona tam bude svatba. Ten holič Nešpor bere to zvostra. Ale   to vite: takovej pán na byte, a holka má milýho! Rozhodila ruky   a zas spustila do lona. „’dyť to vime!“ Dievčatá sa rozchichotaly,   možno viac na mne, ako na nej. Lebo som bol ako na tŕňoch. „A Nešpor   to za nich vodnese!“ doložila s ohromným smiechom. „Odpusťte, já   pospíchám.“ Vstal, porúčal som sa a vybehol. Z tmavého ambitu začul   som hlučný chichot z izby Sommrovskej. Vybehol som do nás. Na kanape   sedí Aclélka a pri nej stará a Maŕenka. Adélka je bledá, schvátená;   placho, zlomeným okom hľadí na mňa. I ona, i všetky sa dívajú, kde sa   ja tu tak naraz beriem. Ale len chvíľku. Adélka zastenala, oprela   hlavu o stôl, ako človek, ktorému je hlava ťažká. „Co je?“ pýtam sa.   Stará stojí nemo a neodpovedá. Maŕenka tiež klopí oči. „Stalo se ji   snad nšco?“ vyzvedám ďalej.
   </tei:p>
   <tei:p>
    ﻿206
   </tei:p>
   <tei:p>
    „Ono je ji. trochu špatné. Má pichaní“, odpovedá stará. i „A co   nejdete k lekári?“ „Ono to nie není. To mívá tecľ často.“ „Hm-bm.“   Pokrútil som doktorský hlavou a doložil: „Ať si lehne. Bude ji lépe.“   Vzal som zápisnicu a bežal do schôdzky. • Na túto históriu zabudol   som dosť skoro. Adélka bola síce stále bledá, iba čo sa pretmolila,   ale zdá sa, nebezpečenstvo nehrozilo. Všetci boli spokojní. Nešpor   dochádzal veľmi často. Neraz som ich dostihol na schodoch, ako sa   držia za ruky. Už neodskočili jeden od druhého: bol som ako domáci.   Prichodily Vianoce, chcel som si dať šiť šaty. Bol som „ve štádiu   pŕísných zkoušek“ — schudol som neobyčajne. -Musel som si dať vziať   nový merťuk, ak som nechcel, aby šaty visely na mne ako na kolíku. A   to bola práve najväčšia ťažkosť. Môj krajčír býval totiž na vidieku,   a tak nemohol mi sám vziať mieru. A mieru vziať poriadne, to môže iba   krajčír. Kde nájsť takého dobrodincu, čo by vzal mieru druhému,   neznámemu krajčírovi? V takej súre obrátil som sa na starú. „Velice   ráda!“ prisvedčila mi veľmi ochotne. „Môj bratr je krejčí, tak to   udélá. Mafenka še staví pro neho.“ Predpoludním prišiel človek   nevysoký, chudorľ, veľmi úslužný a zdvorilý. Podobal sa veľmi   našej starej. „Odpusťte, pane Dolejš, že jsem vás- o to prosil. Byl   bycli šaty jednoduše objednal u vás — ale nešlo to. Mám strýce   krejčího, tak vite... „I to nie nedelá, nie nedelá. Já bych s radostí   posloužil, pane inžinýre, Já delám také pánu profesoru N. z techniky.   Vždy ť ho ráčite znát. Také pánu staviteli Kudrnkovi. On bydiel   zrovná
   </tei:p>
   <tei:p>
    ﻿207
   </tei:p>
   <tei:p>
    u nás naproti. Teď bydlí v Klicperové ulici, a já mu- porád šiju.“   „Jak pak bych je neznal! Slušní páni!“ A naozaj som ich znal, ale len   z videnia. Či sú slušní, alebo neslušní, to som už isto nevedel.   Vedel som iba to, že ich šaty nemožno vyhlásiť za vrchol krajčírskeho   umenia. I vzal mi merťuk. Bohužiaľ, zkúsil som po nečase, že ho   zbabral. Myslím predsa, že naschvál, aby môjho „strýčka“   skrompromitoval. Aspoň tie šaty nemohol som obliecť. Boly by veľmi   dobré bývalý môjmu mladšiemu bratovi z III. gymnaziálnej triedy —   keby ho bol mal. Poďakoval som mu vrelo i ponúkol primeraný honorár.   „To ne!“ zvolal urazený. „To nemohu. Když je to u sestry, a pak —   byla pro mne dcéra!“ „A — tedy máte dcéru?“ „Inu, Maŕenku!“ „Tahle,   co je u nás?“ „Která pak? Co pak to nevite?“ A rozosmial sa. „Já   myslil, že ona je moji domáci.“ „Ne. Ona ji prijala. Ona neméla detí   a já jich mám dost. Osm. Tak si dve vzala — tyhle ty hollcy. “ To ma   veľmi prekvapilo. Veď stará mohla vycítiť, že dievčatá pokladám za   jej dcéry: a nikdy ma nevyviedla z bludu. Súsedstvo vedelo, ako sa   vec má, jediný ja som nevedel. Večer, idúc kuchyňou, vytýkal som im   to. Maŕenka odpovedala celkom otvorene: „Nám je tetinka jako maminka.   My ji máme tak rády. Již jsme byly u pana dekana, abychom se mohly   psát po ní. Ale nám to ješté z úradu neprišlo.“ Domáca pani sa   neohlásila. Hľadela smutno a či tupo do kúta. Neviem, či vedela, čo   sa okolo
   </tei:p>
   <tei:p>
    ﻿208
   </tei:p>
   <tei:p>
    nej robí. Iba na mňa keď pozrela, neistota, ba úzkosť zračila sa   jej v očiach. Prišlo mi jej lúto a netrápil som ju viac márnymi   otázkami. Medzitým prikváčily ma starosti. Rigorosum! Dopoludnia, kým   bolo ako-tak vidno, prezeral som mikroskopické preparáty. Mikroskop   náramne znepokojil moje domáce. Viem, že dievčatá boly by daly po   zube, keby ich tak bol raz zavolal nazrieť do tých bájnych svetov,   ktoré otvára ľudskému zraku táto podivná No bol som   zamyslený, azda i nevrlý — nemalý smelosti ani narážkou vyjaviť takej   žiadosti. Za ten čas III. poschodie malo pohreb, ktorý obstaral   „chvalné známý ústav pana Luxe“ — ako o tom písaly jedny noviny. Bolo   12 fiakrov pred domom a štvorka ťahala smútočný voz s truhlou. Šesť a   šesť „zfízencú spomenutého „chvalné známého ústavu“ tvorilo špalier s   fakľami okolo voza. Celý dom bol na nohách. Ja som pozeral na   sprievod s III. poschodia a videl všetko z vtáčej peršpektívy. Tak   pochovali môjho súseda, ktorý sa volal: „František Srb, hospodárský   správce hrabete Castaldo di Castaldi na odpočinku.“ Zanechal mladú   ešte vdovu, lebo už starý sa ženil druhý raz, a dvoje dievčat. Známa   pani Srbová obliekla nové čierne šaty, ktoré jej znamenite pristaly.   O Novom roku zavítal zas do domu bocian, a to do domácnosti pána   Václava Konvičky, „dílovedoucího v továrne pana Antonína Fialy,   truhlár stavby a nábytku“. Vec zasluhuje preto spomenutia, že pani   Konvičková je mladšia sestra mojej domácej. Nespomenul som jej   dosial, a to preto, že málo chodievala do nás, hoci bývala len o   poschodie nižšie. Ostatný čas málo vychádzala z domu, pre svoj stav.   Potom i preto, že bolo mnoho drobných detí, ktoré pricháazaly jedno   po
   </tei:p>
   <tei:p>
    ﻿209
   </tei:p>
   <tei:p>
    druhom, ako sa vyjadrila pani Sommrová: „tak ŕíkajíc, podávaly si   kliku“. Osoba takto dobrá, velmi driečna, dobre rozrastená. Stavím   sa, že Adélka na ňu sa udá, keď bude pár rokov za svojím Nešporom   vydatá. Tu som tiež banoval, že som inžinýrom. Pani Konvičková   ochorela a ja by jej bol vari niečo pomohol. Preto nemohla ani kojiť   najmenšieho Konvičku. Chlapec to bol ako dubec. Ja som ho síce   nevidel na vlastné oči, ale myslím, že musel byť „chlap“, keď ho   nesklátilo do hrobu takzvané mlieko „z první parní mlékárny knížete   Furianiho“, ktorým ho napájali. Na fašiangy zas bola svadba. Andulka   domovníkova vydávala sa za mladého človeka, ktorého som vídal tmoliť   sa po dvore bez kabáta, v pantofliacli. Bpl som veľmi zvedavý na   svadobný kondukt, ale, žiaľ, ušiel mi. Bol som práve v ústave   patologicko-anatomickom, keď sa šlo na sobáš. A tak nemôžem ani   povedať, aká bola domovní-. ková Andulka a či jej „nastávající“ šiel   i na sobáš bez kabáta a v pantofliach. III. Tieto udalosti ma menej   zanímaly, ako by ma boly inokedy. Rigorosum bolo pred samými dvermi.   Ze ma čaká, vedel som — nezabúdal som naň vo dne, Ak som šiel na   prechádzku, myslel som naň. Celý svet ukazoval sa mi v nových   farbách: všetko som videl cez medicínské okuliare. I na ľudí som   hľadel so stanoviska medicíny. Nesmierne som sa tešil, keď som   stretol hemiplegiou alebo niečím takým navštíveného; myslel som si:   „To je veľmi krásny prípad!“ Zabudol som, že tomu človeku ani zďaleka   to nebolo „krásnym“. I pán Josef Liška, penzionovaný účtovník banky,   ma veľmi zanímal. Mal tabes a nemohol chodiť. Dal Martin Kukučín –   Sobrané Spisy VI. 14
   </tei:p>
   <tei:p>
    ﻿210
   </tei:p>
   <tei:p>
    sa voziť vo vozíčku po trotuári v parku vinohradskom. Jeho chorobu   som sledoval velmi pilne a nikdy som nechybel pri tom,, keď z vozíčka   vystúpil a dal sa polo previesť, polo preniesť na lavičku pod košatým   gaštanom. Zanímal ma tiež pán František Dlouhý, portýr istého pivo   váru, kde sa čapuje „černý kozel“. Musel ich hodne vytrúbiť denne,   lebo bol pivom celý preplákaný a ruky sa mu strašne triasly.   Diagnostikoval som na ňom alcoholismus chronicus, i raz som sa ho   spýtal, či sa mu .v noci nesníva o myšiach, potkanoch, šváboch,   policajtoch, a či nevyskočí niekedy z postele a nerobí kravály. On na   mňa pozrel s opovržením a riekol iba: „Ale jdou, mladej pane! Na mne   s takovejma vécmi nepŕijdou. Mne se nezdá rajn kór nie.“ V mojich   očiach málokto bol zdravý. Mal alebo tuberculosu, alebo neurastheniu   a žena skoro každá migrénu alebo hystériu. Keď som náhodou stretol   niekoho žltého, už som uvažoval rôzné druhy žltačky a jej príčiny.   Niečo mi nebolo jasné, alebo sa vyšmyklo z pamäti: ja hybaj chytro   domov študovať choroby pečene. Neraz som sa v knihách tak rozčúlil,   že mozog nechcel a nemohol ďalej pracovať. Veda sa miešala, jedno s   druhým poplietlo, práve tak, ako vo skliepku pána Karla Broučka medzi   múkou sa našlo čosi gypsu a medzi „pravou selcedimskou“ paprikou   múčka z tehál, pravda pravých, podolských tehál. Tu som sa vmyslel   živo, že v takomto pomiešanom stave stojím pred profesormiv — a   zmocnil sa ma strach a beznádejnosť. Že tedy aspoň vo sne som užíval   požehnania mieru? Veru ani tým sa pochváliť nemôžem. Koľko ráz som sa   prebudil vyzváraný, ako by ma bol z kúpeľa vzal, čo sa mi snívalo, že   robím zkúšku a padám, padám... Termín sa neúprosne blížil, nadišiel   pred-
   </tei:p>
   <tei:p>
    ﻿211
   </tei:p>
   <tei:p>
    posledný deň. Smutne som ho pozdravil, lebo som potreboval ešte   aspoň dva týždne, aby som mohol prejsť všetko, čo som si bol umierni.   Čo robiť? Obliekol som sa do čierneho, natiahol biele rukavice a šiel   sa predstaviť profesorom, u ktorých som mal zajtra skladať. Aká to   nemilá robota! Sliediť za jeho pohľadom, či ti nehrozí zkazou.   Oblažuje ťa každé slovíčko z jeho úst, ak len v ňom nie je skrytá   nevôľa. Si v desiatom nebi, ak si ho našiel v dobrej nálade a usmeje   sa ti, alebo ťa prívetivé obodrí. Do samého obeda trvalo toto lovenie   profesorov, a ja s velikou úľavou som sa vrátil domov, sťa by bol   polovicu rigorosa urobil. Po obede nové prehrabávanie kníh a hárkov,   doplňovanie najciteľnejších medzier, upchávanie najzjavnejších trhlín   a špár. Nové rozčúlenie, nový strach. Keď slnko zasedalo, poukladal   som knihy a urobil nad nimi kríž. Šiel som medzi bodrých priateľov. A   medzi nimi som okrial, obveselil sa, zabudol na všetky strasti, cítil   sa voľne, ako svobodný občan v svobodnej vlasti. O desiatej večer som   prišiel domov, hneď som sa sobliekol a ľahol. Bál som sa, že   nezaspím, i snažil sa myslieť na príjemné veci. Tak som skutočne dosť   skoro zaspal. Prebudil som sa, s ulice stršaný krik, plesk, tresk.   Dole bol zas akýsi „pŕátelský večer“, ktorý sa skončil obvyklým   spôsobom a ktorého dozvuky ma práve prebudily., Otvorím oblok •— i   celá ulica otvára obloky. Trvá to hodnú chvíľu, kým sa vec ako-tak   skončila a hrdinovia sa rozišli. Na veži vinohradskej radnice bijú   práve tri hodiny. Zavieram oblok, líham do postele v príjemnom   vedomí, že mám ešte štyri hodiny odpočinku. „A dnes máš rigorosum! O   štrnásť hodín sedíš za zeleným stolom Do rána som už oka nezažmúril.   Probúval všakovak — čítal do sto a zas od sta po jedno: 14*
   </tei:p>
   <tei:p>
    ﻿212
   </tei:p>
   <tei:p>
    darmo! Myšlienky ma prenasledovaly, burcovalv zo sna. Bolo mi v   posteli horúce, tesno, nevoľno. Zdá sa mi, že ma pochytila horúčka, i   puls bil rýchle. Hotová choroba! Ako sa začalo rozvídňať, sobral som   sa a umyl studenou vodou. Na knihy som nepozrel, ale som Jíiel do   kaviarne a prečítal všetky možné noviny. Čo som to tam čítal, neviem;   myslím, ani vtedy som to nevedel. O jedenástej som vyšiel na Priekopy   a zamiešal sa medzi elegantných zahaľačov pražských, ktorí „zmĺrají   nudou“, lebo nechce sa im robiť, ani myslieť. Ktorí sa/ vo dne   povaľujú v posteli, na kanape a zívajú nuäou; ožívajú ako netopierí   večierkom, keď sa rozžíhajú na Priekopách lampy, a slúžia do svitu   Bacchusovi a Venuši. Tam som sa i jä strcal medzi týmito tôňami v   elegantných, módnych šatách oblečenými až do obedu. Po obede som si   pospal. Bol som pevnejší, i hlava akási čistejšia. O pol piatej zas   vyobliekaný šiel som pomaly do ústavu, kde mala byť zkúška. Ako som   závidel nádenníkom, čo stáli u hŕby tehál a jednu po druhej vkladali   ich do košíčkov elevátora, ktorý ich vynášal hore, 11a druhé   poschodie. Iste boli šťastnejší, aspoň ani jednému z nich netrešťala   tak hlava, obťažkaná múdrosťou. V ústave som našiel oboch kolegov,   ktorí mali so mnou skladať. Všetkým nám bolo akosi Voľnejšie,   ľahšie, keď sme videli, že. v utrpení máme súdruhov. Rozoberali sme.   ešte v náhlosti otázky, ktorých jeden-druhý úplne nerozumel. Prišla   komisia, my sadli za zelený stôl do pohodlných fotelov. Nasledujúcej   pol tretej hodiny minulo, sťa keby bičom pľasol. Nevedel som, čo sa   dookola robí, ani čo sa so mnou robí. Bol som úplne zaujatý vecou.   Zadivil som sa, že vonku je už skoro
   </tei:p>
   <tei:p>
    ﻿213
   </tei:p>
   <tei:p>
    tma. keď ostatný profesor sa uklonil nám kandidátom a odišiel do   bočnej miestnosti, kde sa spisoval protokol. Iba teraz som videl, že   sieň je skoro plná. To všetko kandidáti, ktorí sa chystajú k tejto   zkúške a prišli sa presvedčiť, „jak to pújde“. Sú i niektorí známi   medzi nimi, ale ja ich málo rozoznávam. I kývajú mi rukou, ale ja to   nepozorujem. Divne sa cítim; nie smutno, ale ani nie veselo. Tak sa   cítil barón Bačkorovič, keď mu doktor vyňal mozgy a na mise ich   popremýval. Spamätal som sa iba vtedy, keď „spectabilis“, t. j. dekan   našej fakulty, postavil sa k zelenému stolu s protokolmi v ruke a,   usmievajúc sa vľúdne, preriekol: „Pánove prešli všichni!“ V sieni   nastal zvláštny ruch. Všetko sa shmulo okolo nás a motalo sem a tam.   Drgali ma, socali ma, dodievali do mňa so všetkých strán. „Kolego,   gratulujú.“ „Dekuju mockrát. „Gratuluju!“ „Díky!“ „Dobre to šlo.   Starý X dnes byl dobre naložen.“ rp  „ L o ano. „Ty, kolego: dle   čeho jsi študoval farmakológii?“ „Z archu.“ „Máš je? Pújč mi je,   prosím!“ „O, ano, jen si zajď pro ne. Kto všetko gratuloval, kto mi   stískal ruku, kto si čo vypožičiaval odo mňa — to všetko neviem dnes,   ani vtedy som nevedel. Mne sa to všetko miešalo dovedna. Ale radosť   bola vo mne, . taká široká, prajná radosť. Bol by dal všetko, čo som   mal i nemal. Bol by každého objal, vybozkával. Pedelovi, ktorý mi   doniesol kabát a pomáhal mi ho obliecť, vtisol som do ruky,   myslím,
   </tei:p>
   <tei:p>
    ﻿214
   </tei:p>
   <tei:p>
    zlatku. Ano. zlatku — to bola moja ostatná. „Dekuju, pane doktore,   a gratuluju“, riekol tíško. „Co mu to dávaš, človeče!“ zhrozil sa   ktosi pri mne. „Vždyť toho dostane dost a dost o promoci. Tak jako   tak musíš mu pak dát pétku. Jak ho to vychováváš!“ „Ale jdi,   kamaráde. Nech to!“ Vyšiel som radostne z ústavu, rozopäl som   svrchník, ukázal čierne šaty, bielu kravatu. Ostentatívne som   navliekol na ruky biele rukavice. Idúc k našej bráne, zazrel som v   hokynárstve pani Sommrovú, vyzerala zo dverí na ulicu. Pozdravil som   s úsmevom a vehementným krokom vošiel do dvora. Topánky mi vrzgaly i   tak, no ja ešte tuhšie dostúpal som na jie, idúc schodmi, len aby   vrzgotaly ešte lepšie. „Čo, nech vidí celý svet, že som dnes robil   rigorosum — a urobil.“ Tak kričalo čosi vo mne a srdce mocne búchalo.   Dvere kuchyne roztvoril som do korán. Vplávaj som sťa najmenej dvorný   radca s Leopoldom na prsiach. Pozdravil som ich ja prvý a pýtal sa   ešte: „Jak se máte, co déláte? Boh-zničení touto zriedkavou   vľúdnosťou odo mňa. Ba sa mi pozdáva, že pánu Nešporovi som i ruku   podal a stisol, navyknutý dnes prijímať gratulácie. Adélké som chytil   briadku a podvihol tvár do hora a riekol: „Proč pak je tak smutná   okrasa našeho domu?1 Na to stará nenašla hneď odpovedi a zgalamutená   hľadela s jedného na druhého. Adéllca pozrela bokom, falošne, a   riekla: „Pán inžinýr je ňák veselý!“ za čo som ju — prvý a ostatný   raz — uštipol v. líce. S nenávisťou som sobliekol gála, pohádzal   všetko na hŕbu, rukavice šmaril k peci , a s úprimnou rozkošou   obliekol svoje prostonárodné šaty. V kuchyni stáli všetci ako   strnulí. Vidno, že kým som sa preobliekal, rokovali pilne, čo sa to   so
   </tei:p>
   <tei:p>
    ﻿215
   </tei:p>
   <tei:p>
    mnou porobilo, a naraz môj príchod ich vyrušil. Stará stojí,   nevie, kam sa dieť predo mnou. Ako by sa ma väčšmi bála, než dosiaľ.   Vidno, že moje šťastie ju srdečne teší. Možno, by prehovorila,   vyjavila, čo má na jazyku, keby sa nebála. Bolo mi jej naozaj ľúto, a   aby ju ušetril, radšej som sa pretvaroval, že jej nevidím. Marenka a   Nešpor hladia na mňa bystro, usmievavo. Možno, čakali, že sa   rozkrákorím s nimi a že sa ma budú môcť opýtať, čo ma to potkalo. Iba   Adélka sedí už na kanape, ruky složené do lona, trochu schýlená hľadí   kamsi pod stôl. Tak mi preletela divná myšlienka, že toto dievča   akosi ostarieva. „Dnes prijdu pozdé“, riekol som im veselo. „Pan   jnžinýr se povyrazí!“ ozval sa Nešpor. „To, vite — nekdy neškodí.“   Nešpor sa rozosmial nad touto výpoveďou. Ja chcel som niečo povedať,   ale Adélka, stará: čo s nimi? Aká s nimi reč? Pružným krokom vystúpil   som z izby a zavrel dvere. IV. Dosť skoro som privykol novému   šťastiu. Začal som ho pokladať za Čosi, čo prísť muselo. Ctižiadosť   si postavila métu novú a starú odhodila na bok. Nuž vidno, človek nie   je zariadený na stálosť šťastia. Čoho dosiahol, to nemá za nič; túži   za tým, čoho ťažko dosiahnuť. Moja nová méta bola chirurgia,   okulistika, gynekológia. Predmety nasledujúceho rigorosa. Malý omnoho   vyššiu cenu a význam v očiach mojich i nepomerne ťažšími sa zdaly,   než predmety vybavené. Knihy a hárky, ktorými tak dlho som sa   zapodieval, spakoval som a roznosil po kolegoch. (Zväčša som ich   rozpožičal.) S radosťou
   </tei:p>
   <tei:p>
    ﻿216
   </tei:p>
   <tei:p>
    som to vykonal. Ale radosť predsa nebola taká nebotyčná, ako som   pred rigorosom myslel, že bude. Prečo? Lebo, miesto poodnášaných,   nasnášal som hŕbu kníh, zošitov a hárkov. A keď som zasadol za stôl,   zas som bol plný starostí, obáv i rozčúlenia. Tak som sa vrátil k   obvyklému životu a i môj pomer k domácim zvrátil sa do starých   koľají. Tá istá odmeranosť, to isté obmedzenie stykov na   nevyhnutnosť. Ale som predsa čo-to zvedel z ich zakulisňového života.   Znal som, že sa živia šitím. Tu i tu došla pani Kateŕina Polanská,   majiteľka „závodu níťaŕského — ta dodávali bielizeň rôzneho druhu.   Túto obstarávala stará a Adélka. Maŕenka vyznala sa v šití jemnejšom.   Sila ženské šaty „pro konfekci“ pána Ignáca Wintera, ktorý má svoj   veliký sklad šatstva v- židovskej štvrti. Dostávala robotu   pristrihnutú. Ona len sošiť a aufpuc pripraviť. Krém toho mala hodne   objednávok na svoju päsť, a tie sama pristrihovala. Zdá sa, že bola   veľmi šikovná robotnica. V tieto dni stala sa i tá zmena, že Adélky   nebolo vidno v dome. Neviem, v ktorý deň i v ktorý čas odišla. Zbadal   som, iba keď jej vôbec nebolo vídať. Zanímalo by ma bolo vyzvedieť   bližšie, kde je — ale nebolo príležitosti sa pýtať. A potom i   neobyčajné b}r bolo bývalo, a ja som sa vždy vystríhal neobyčajného.   „Azda išla k rodičom — azda do služby“, pomyslel som si a doložil: „A   čo ťa do toho?“ Naraz pobadám, že singrovka priveľmi zaháľa. Deň,   dva, tri... Celé dni sedely bez roboty. Iba čo v pondelok a utorok   praly šatstvo. Čo to znamená pri takých pilných, neúnavných ženách?   Hľadely zatajiť — ale mne neušla tieseň na ich tvárach. Keď som   prechodil pred obedom ku-
   </tei:p>
   <tei:p>
    ﻿217
   </tei:p>
   <tei:p>
    chyňou, vidím sporák prázdny i studený. Pristihol som ich obedovať   údenárske veci, a to najlacnejšie. Večeru odbavovaly chlebom a   vodičkou. Začul som nepokojný šepot i tlumené hovory. Súdim, že velmi   živo musely rokovať, keď mňa nebolo doma. Vôbec čosi muselo sa   premeniť, čosi nie je v poriadku. Možno, i Adélka pre toto odišla. Či   im môžem pomôcť? Ako, s mojimi roztrasenými financiami? Nemám   zvyšného ani groša, skôr mi chybí osemnásť do dvadsať. PIľadel som   aspoň zakryť pred nimi, že tuším, v čom sú. Ctil som si túto chudobnú   rodinu, ctil u nej menovite hrdosť, že nevynáša svojej biedy na   rýnok, žobrúc o súcit, vytŕčajúc rany svoje, ako robí chudoba, keď   vonkoncom spustla. Ctil som ju. lebo našiel som takej hrdosti vo   svete velmi málo. Zdalo sa mi, že stará hľadí na psotu ľahostajne,   chladno, nečinne. A núdza vyškierala zuby z každého kúta. Možno,   nemôže sa vynájsť napochytre v tomto stave. Toto je možno prvý raz,   čo ju bieda privrela. Sedí celé dni so založcnýma rukama. Možno,   spolieha sa na akúsi pomoc, čaká... A či ztratila duchaprítomnosť?   Zato Marenka drží sa činne. Vídam ju chodiť sem-tam s uzly a batohmi:   iste ona snáša jesť sebe i tetke sťa štebotná lastovica. Často ju   stretám v meste zamyslenú, ustaranú. Raz som šiel ulicou, kde je   štátna zastaváreň. Videl som ju, ako vošla do nej s batohom a vyšla   bez batoha. Raz, keď som sa vrátil s večere, nevidel som v kuchyni   singrovky. Bieda musí byť veliká, keď jediný prostriedok výživy   odhodlaly sa prejesť. Sťa sedliak, keď zomele zrno. ktoré bol   prihotovil na siatie. Či vydržia dlho ti eto slabé ženy takýto ťažký   boj? Prišlo prvého a s ním kvartál, kde sa platí činža. Ja som platil   mesačne a napred — nemal som starosti. Ale čo urobia moje súsedy!
   </tei:p>
   <tei:p>
    ﻿218
   </tei:p>
   <tei:p>
    AAšiel som do trafiky pani Soukupovej. Pani Amalia Sonkupová mala   tu i skliepok polo-hokynársky, polo s koloniálnym tovarom. Predávala   tam dcéra jej nebohej sestry, Julinka. Dievča staršie už, ale takto   ešte šumné. Pre študentské lásky nestačila sa vydať a nebodaj sa už   ani nevydá. Sem chodieva i pan hejtman Kotýnek, naša domovnica, pani   Sommrová, všakové „paničky“ zo súsedných domov, i pekný soznam   študentov všetkých fakúlt, na posedenie. I teraz som našiel tu   domovnicu. „Jak pak: má jich domáci již tu činži?“ pýta sa ma akosi   smelo. „Jakou činži? Já o ničem nevím.“ „Inu, dyť je teďko činže! Muj   byl u domácího, a domáci se vztelcá. To bylo dopuštení, jak nadával.   Dal jim termín do pátku. Ale co plátno, když není odlcud vzít!“ „A   dnes je uterý!“ zvolal som ja. „Co si počnou?“ „Ona je stará taková   prachpodivná. Ta starší, chudák, ta všecko snese. A to je to: odkud   to vzít? To je holt težký!“ „Ať se vypujčí!“ ozvala sa Julinka. „Kdo   pak pújčí?“ zvolala pani Soukupová. „Práce nemají, výdélek schází a   na živobytí není odkud vzít!“ Tu v trafike som sa dozvedel všetky   podrobnosti našej biedy. Pán Winter spravil bankrot a pri „výprodeji“   vyšiel, ako obyčajne, minus. Prišly o zárobok i o čosi zarobeného.   Pani Polanská pristavila robotu, že je „na letní sezónu dosti   zásobená“. Hotová kríza! K tomu niet šikovnosti, dotieravosti,   takzvanej „súcosti do sveta“: všetko vlastnosti, bez ktorých vo   veľkom meste môžeš i umrieť od hladu. Bolo i mne nevoľno. Záhuba ako   by i mne
   </tei:p>
   <tei:p>
    ﻿219
   </tei:p>
   <tei:p>
    visela nad hlavou. Tak biednym necítil som sa ešte nikdy v svojom   živote. Som očitým svedkom padania rodiny, vidím každú jeho fázu — a   nemôžem ničoho nič urobiť. Druhý deň predpoludním vkročil ktosi do   kuchyne. Po kroku i hlase musí byť chlap. Nastavil som uši, lebo   všetko ma teraz neobyčajne plašilo. Neznám súvisu, čo povedal, počul   som iba: „zaplatiť“. „Zaplatit, zaplatit, zaplatit...“ Srdce mi   búchalo ani kladivo, na tvár naskočil mi znoj a tiekol cícerkom dolu   ňou. „Zaplatit, zaplatit“ — kričala vo mne každá žilka. Cez záclonu   vidím trochu i chlapa, i svieťa sa mu gombičky na kabáte. „Sluha od   úradu“ — myslím siv— „domáci pán poslal úradné napomenutie. ‘ Čuť   tlumený hovor, stará iste prosí. Aspoň čuť od chlapa určité: „Cekat   nemužu.“ Zas hovor, buchly dvere, nastala tichosť — no chlap stojí   pri dverách. Prešla takto dlhá, veľmi dlhá chvíľa, mne sa zdala   večnosťou. Zasa buchly dvere, čuť peniaze štrngať, a chlapa nieto v   kuchyni. Vydýchol som, lebo je jasné, že zaplatily. Chytil som sa zas   študovať. Tu sa otvorily tichúčko dvere. Do izby vošla stará, ticho,   bez šumu, na prstoch. Prikročila k stolíku, odomkla ho, vytiahla   šuplík a preberá sa tam v papieroch. Konečne našla akúsi knižku —   ponáša sa veľmi na šparkasovú — a kladie do nej akýsi papierik. „Co   to máte?“ pýtam sa ja, nemohúc viac opanovať sa. „To jsem zaplatila   mésíčné za funus. „Za jaký furius? „Já platím na to mésíčné, a když   umní, budu mít zato funus. I dríve jsme platili, a mému muži   vystrojili slušný pohreb. Hnedle takový, jako pánu Srbovi. Bylo šest   fiakru, hezký vuz — inu, vše bylo velice slušné. To jsem tak proto,   když ne-
   </tei:p>
   <tei:p>
    ﻿220
   </tei:p>
   <tei:p>
    máme detí. Treba by nás nemél kdo slušné pochovať. “ Zamyslel som   sa nad plytkosťou rozumu ľudského. Človek mrie hladom, a pritom sa   stará, aby mal na svojom pohrebe aspoň šesť fiakrov. Hľa, aká je   prirodzenosť ľudská! Pri najprirodzenejšej veci, kde bys’ myslel, že   človek strasie so seba všetku márnosť svetskú: pri smrti stará sa o   svetské reči, o klebety, o to, aby druhých oklamal, zaviedol, aby sa   zdal lepším, bohatším, než v skutočnosti je. Ako hlboko prenikla lož   do duše ľudskej, ako ju zatemnila! Nemohol som sa zdržať, aby ju   nevyhrešil. Usiloval som sa ukázať hlúposť, ba hriešnosť takého   počínania. I Marenku privábila zvedavosť, načúva za dvermi. Stará   stojí skrúšene, hladiac do zeme. Ba rád by vedieť, či naozaj   počúvala! „A nyní co?“ pokračoval som. „Co udéláte? Kterak zaplatíte   činži? To melo být vaši první starostí, a ne takové, takové —   maličkosti! Co nyní — jako?“ „Já nevím, pane inžinýre“, odpovedala   temer pošepky. „Ale nad tím se musí rozmýšlet! Nevidíte, co vám   hrozí? Musíte se sami ohlížet. Samo vám to nepadne shúry!“ Iba teraz   vidím, že Maŕenka mi stojí v izbe, pri dverách. „Tetinka je taková —   ona nechce! ozvala sa horlivé, „Ona si vezme néco do hlavy, a pak   není s ní reči. Já ji dost posilám — ale co je to plátno!“ Starú som   nechal a obrátil sa rovno k Marenke. „Reknéte mi úprimné: máte koho   známého, kdo by vám pomoh’?“ „Práve i já povídám. Máme tady strýčka.   Vlastní bratr tatínka. A je bohat — vždyť má
   </tei:p>
   <tei:p>
    ﻿221
   </tei:p>
   <tei:p>
    v Holešovicích tri domy a v záložné je pokladníkom. Ten by nám   pomoh’.“ „Nu — proč pak ho nevyhledáte ? “ osopil som sa na starú.   „Nejspíš proto, že je bohatý!“ „Co jsem se jí namluvila!“ zvolala   Maŕenlca, tiež rozhorlená. „A ona porád k tatínkovi. A náš tatínek   nemuže — vždyf sám je v pomérech...“ Tu jej zlyhal hlas a na oči   naskočily slzy. „Vidíte sám, pane inžinýre, jako žijeme. Je to již   hrozné — k nesnesení!“ Utrela si napochytre oči a doložila: „A vše by   se mohlo promenit — jedným rázem! A nie není treba, jenom jít a néco   ŕíct...“ „To já nemohu, pane inžinýre! ozvala sa stará tak rozhodne,   ako som jej ešte nevidel. „A já vím, proč... Vždyť múj tatínek byl   méšťanem. My jsme méli v mésté dúm a v Holešovicích usedlost. To   ješté se tam tehda nestavélo. A já jsem se provdala a dostala   vyplacíno, ale jen z domu. Pole jsme méli všichni společné. A pak   prodal svúj díl její otec“ — ukázala na Marenku — „a múj díl prodal   múj muž: a všecko zapsal na sebe. Odbyl nás nékolika stovkama. A pak   se tam začlo stavét — prodal polovic usedlosti a za to má teďko tri   domy. Tak si pomyslete: jak já mohu k nemu? Ošidil sestru i bratra!   Jak já mohu k nému? To radéj’ umru!“ Bola červená a oči prísne   spočinutý na mne. Odkryla mi jeden list svojej kroniky rodinnej,   tmavý, chmúrny •— a, žiaľ, videl som i počul dosť podobných histórií   a nebodaj i budúcne počujem a uvidím. Preto nerobila na mňa taký   hrozný dojem — bol som nestranný, chladný divák, a nie poškodený.   Naučí človeka život nerozliorčovať sa na podvodoch a šalbách, keď sú   šikovné a figliarske: lebo b)’ si nevychodil z večného   rozhorčenia... Všakovak som jej hľadel objasniť, že to nebol   „podvod“, ale obyčajný „obchod“; neprevzal od
   </tei:p>
   <tei:p>
    ﻿222
   </tei:p>
   <tei:p>
    nich pole vtedy, keď ležalo v stavebnej čiare, ale vtedy, kým bolo   púliym polom. No ona toho nijak nemohla pochopiť. „Já bych tak jednat   nemohla. Já bych ho nemohla ošidit ani o pul novýho! ‘ húdla mi   ustavične. Nuž mnoho zostalo v nej zo starej meštianskej hrdosti. A i   neústupnosti. V. Po tomto rozhovore zas som sa vnoril do vedy. Ale v   úzadí duše, ako tmavá chmára, stál neveselý osud rodiny, do ktorej   som nevdojak zapadol. I ľutoval som, že som sa votrel do jej tajín a   vzal na seba čo len čiastku zodpovednosti za to, čo sa robí. Ale zas   som sa i tešil, keď piatok prešiel nad nami bez pohromy.   „Strýček“ sa predsa smiloval, zaplatil činžu. Myslím, i prispel   čímsi na udržanie domácnosti. Aspoň kedy-tedy zjavily sa na sporáku   hrnčeky a rajnice. Hneď i mne bolo akosi pohodlnejšie, príjemnejšie.   Tieto dni obrátil som svedomité na študium. Vstával som, ako   brieždilo, a vyšiel hneď do kaviarne popiť kávu a prečítať čo-to z   novín. Za ten čas mi doma vyriadili izbu, prevetreli a zakúrili. Keď   som sa vracal, našiel som v nej čistý vzduch a milučké teplo. Raz   vrátil som sa takto domov. V kuchyni nikoho. V mojej izbe zima a plno   dymu. Čo je toto? Oblok otvorený ešte, pec nezakúŕená. Na zemi   rozhádzané hlavne od triesok, napolo obhorené, i kusy uhlia   kamenného. Z neho i hlavieň sa kudlí. A v tomto dyme stojí moja   gazdiná prostovlasá v ľahkej sukničke. Díva sa na mňa pozorne, ako by   chcela zvedieť, čo ja na to poviem. Naozaj, nemohol som nájsť slova:   či sa diviť, či sa hnevať? Nemohol som pochopiť, čo to môže   znamenať.
   </tei:p>
   <tei:p>
    ﻿223
   </tei:p>
   <tei:p>
    „Co je to?“ pýtam sa mierne. „Co tady činíte?“ „Nie“ — odpovedá   ona. „A co znamená tohle to?“ rozlcríkol som sa. „Proč jste rozházela   uhlí a dŕíví?“ Čakám, čo povie, ale ona mlčí. „Nu, tak ŕeknéte pŕece!   Reknete, co jste to učinila!“ Poobzerala všetko, čo ležalo na zemi;   ani sa neobzrela na mňa — tichým krokom odišla do kuchyne. Bolo v   krčahu vody, pozalieval som hlavne, aby aspoň dosky neprehorely, a   stál takto v dyme, neznajúc, čo robiť. Dym sa pomaly vysnoval   oblokom, a ja sa rozhodol, že zostanem doma. Vonku bolo tiché   februárové ráno a dosť veliký odmäk. Mohlo sa i v nezalcúrenej izbe   presedieť. Stálo ma moc premáhania neurobiť v dome L škandál. I sám   seba som obdivoval pre tôlko chladnej rozvahy. Sadol som za stôl, že   začnem robotu, ale darmo je — nešla mi od ruk)c Vždy sa mi vracal   obraz gazdinej čudnovatý, i záhadný. Čo to bolo? Zlomyseľnosť? Všetko   svedčilo, že to bola obyčajná nespratnosť. A odpor ■— tichý síce, ale   tvrdý odpor. Ani neodpovedala, neobjasnila —■ odišla a nechala ma tu   v dyme, ako blázna. Ba ako prišla na myšlienku vyviesť čosi   podobného? Čo chce? Chce mať v dome scénu? Nie, scény ja nejdem   robiť. Protiví sa mi hádať o také nič. Veď nie som nútený. Čo ma   viaže k tomu domu? Vari nejaký cit? Svobodný som, ako vták v lese.   Soberiem, čo mám, a za pol hodiny bývam v dome druhom. Nič mi nestojí   v ceste. Utíšil som sa i začal študovať. Ale chladný vzduch ovieval   mi hlavu, i dych bolo v ňom vidieť. Zima sa vdierala do kostí a   začala mi lámať koleno. Ešte si zadovážim reumatizmus! Rozjedoval som   sa a začapil knihu.
   </tei:p>
   <tei:p>
    ﻿224
   </tei:p>
   <tei:p>
    V tom vošla Maŕenka; jediným pohľadom uhádla, čo sa stalo. Pozrela   na mňa s úžasom, i triasla sa na celom tele. „To učinila teta!“   zvolala hneď. „Vyšla jsem na minutu nakupovat, a již co učinila!   Nehnévejte se, pane inžinýre!“ Hnev mi odrazu scliladol i   rozhodnutie, že odídem. Ťažko, mi, ťažko odísť. Darmo je, viaže ma   čosi k domu tomuto... Čo viaže, sám neviem. Láska nie, povinnosť nie,   vďačnosť tiež nie. To všetko je vylúčené medzj študentom a gazdinou,   kde sa za všetko platí. Čo ma viaže tedy? Nešťastná mäkkosť srdca. Tá   mi bráni bezohľadne vystúpiť, odrazu sa emancipovať zpod všetkých   nepohodlných vplyvov. Súcit je to — menovite súcit s Maŕenkou. Ju   b} to iste mrzelo, azda i bolelo. I starostí by jej pribudlo.   Neplatím ja síce moc, ale keby im i to odpadlo, ťažko by to cítily v   takejto kríze. „A co to všecko vlastne znamená? pýtam sa Maŕenky.   „Pripadá mi to, nejmírneji ŕečeno, prapodivné. Já si to aspoň nemohu   vysvétlit! „To je teta nekdy taková. Inu, já taký nékdy neznám...   Nejlépe, nevšímejte si ji.“ – „To je vše velice hezké. Ale já chci   znát, proč to učinila. Proč, proč? To som už skoro kričal, lebo som   zazrel, že stará zpoza dverí počúva. „Já se vubec nepotrebujú zlobit.   Mám dosti jiných starostí I nechci, by se mi co podobného kdy   prihodilo!“ Maŕenka vzdychla a pribrala sa rozkladať oheň v peci. Ja   som zabudol i na túto udalosť. Pozornosť moju pútala jar, ktorá sa   začala otvárať. Slniečko i vymladená príroda vábily i mňa kedy-tedy   vyjsť zo skrýše. Veď všetko sa ťahalo tavon. I pan hejtman Kotýnek   obliekol biele šaty, silne konku-
   </tei:p>
   <tei:p>
    ﻿225
   </tei:p>
   <tei:p>
    rujúc s mladými pánmi. Ulice, menovite iWTOllpWj ožily. Mládež   prúdi nimi. Teraz je čas na*wfeý{?g nové známosti a utužiť staré, o   čaté. I parníky po Vltave sa plavia, Pražanov na čerstvý vidiek. Jar   prihrmela odrazíŕ“ sťa lastovica na rýchlych krýdlach. Musím vyznať,   že vo mne nebudila takej radosti, ako by sa myslelo. Nastala s ňou   nová starosť o letný oblek; a druhá starosť, že koniec roku rapídne   sa blíži a hŕba zkúšok nevybavených. Ale i tak nemohol som odolať jej   kúzlu. Srdce okrialo, pľúca vydýchly, krv ako by sa vymenila... Bolo   to v Bielu sobotu, popoludní. Na Priekopách býva veliká vojenská   parada, z príležitosti Vzkriesenia, a prehliadka vojska. V kaplici   vojenskej, neďaleko Prašnej brány, koná sa bohoslužba, sprevádzaná   hudbou a salvami z pušiek. Celá Praha i predmestia najdú sa na   Priekopách, všetko ide oči pásť na zriedkavom divadle. My chudáci   tisneme sa dole po trotoároch, boháči a notability dívajú sa s   balkónov a oblokov. Tiché ináč paláce, ba pusté, ožily neobyčajným   ruchom. Nielen všetci domáci stoja v oknách a na balkónoch, ale i   hostí sa hemží plno, ktorí nemajú na tejto ulici paláca. Balkóny sú   malebné. Na nich sa rozložila krásna pleť vo svetlých, jarných   toaletách. Kaviarne na celej čiare sú preplnené, v oblokoch je hlava   na hlave. To všetko denní hostia; iný by nemohol teraz dostať pri   obloku miesta. Závody krajčírske, kupecké, ktoré majú na prvom   poschodí miestnosti, zaplnily sa hosťmi. To sú riadni odberatelia,   stáli „kundi“. Sklepy v prízemí a výklady sú pozatvárané. Subjekti,   učni i personál z komptoáru vynáša na trotoár bedny, schodky, rebríky   — aby. ponad hlavy publiky mohli prehliadnuť ulicu. Slávna c. kr.   polícia (bez nej nemôže byť Vzkriesenie — veď ani Kristus Martin   Kukučín: Sobrané Spisy VI. 15
   </tei:p>
   <tei:p>
    ﻿226
   </tei:p>
   <tei:p>
    nevstal bez nej z mŕtvych) urobila špalier a vyčistila priestor,   kade vozy chodia, od diváctva. Policajti sú vymladení, ostrihaní,   oholení, v čistej letnej uniforme. Sú i vlúdnejší, i zdvorilejší, i   prístupnejší žartu a smiechu. Slovom, trotoáre sú plné, nemá kde   jablko prepadnúť. Po vyprázdnenej ceste kde-tu prebehne fiaker,   prekníše sa drožka a horko-ťažko prevlečie sa neborká tramwaj. Všetko   je hotové —• totiž diváctvo: chybujú iba herci. Ozve sa v diaľke   vojenská trúba a zanedlho prechodí pluk vojenským krokom. Prvý ide   plukovník, vlastne sedí si ležerne na koni; za ním vyparádený   adjutant; alebo behá sem a ta, boh vie, čo hľadá. Ach, čo robia tí   oficieri! Ako to môže byť, že tamten lajtnant sa nepretrhol v páse?   Nie, on nekráča — tancuje skorej svojimi tenkými nohami A tie   pohľady hore, na balkóny! Len teraz nahliadneš, čo bolo to rytierstvo   v stredoveku! Rytierstvo bez žien bolo by zaraz uvädlo, ako makový   kvet. Ale ženy •— to bola vlaha, pod ktorou kvet rástol, rástol a   dlho prekvital. A čo by bola vojenská paráda bez žien? Predstavte si,   že na tento pluk nedíva sa ani duša: k vôli komu by sa chcel   pretrhnúť tamten poručík ? Mužstvo je viac indiferentné. Ustalo dnes   pri „pucovaní“ gveru, bagančov a gombičiek. Iba jeden alebo druhý od   prostých šibne okom hore — nie na balkón, alé ešte vyššie. Na   strechách po výklenkoch a výzoroch vidíš plno tvárí: to je domáca   čeliadka, slúžky, chyžné, kuchárky. V týchto vysokých sférach lieta   láska prostého muža i unteroficiera. „To je dvaasedmdesátý“, učí nás   jeden vlastenec, čo nám stojí za chrbtom. „Kde pak nechal hudbu?“   „Uvidíš ji hnedle — zustala pozadu.“ „Ti to sekají!“ chváli ich ktosi   druhý.
   </tei:p>
   <tei:p>
    ﻿227
   </tei:p>
   <tei:p>
    „Což tihle! Ale osmadvacátý! To môžete koukat!“ Prešiel i   osemadvadsiaty, i boh zná ktorý, i kadeti, i jágri, i landwehr, i   huláni, i artileria. Ani jeden neminul bez poz.námok. Darmo je,   veliká tu zaujatosť o vojsko. Cech ľúbi vojsko, i rád oblieka   uniformu; už či je vojenská, hasičská, veteránska, spolková alebo   úradnícka. I vojsko tu nažíva priateľsky s „cibilom . Nie je ani   surové, ani naduté. Pravda, to sa vzťahuje iba na „manšaft“. Dochodia   i dôstojníci, ktorí nemajú dnes služby. Kráčajú pojedine, alebo v   grupách väčšícli-menších po vyprázdnenej ulici. Prišli sa ukázať,   hodiť hoci jeden pablesk slávy na sborového veliteľa a podvihnúť   slávu Vzkrieseného. Niektorý vedie pod rukou svoju polovičku,   vyobliekanú tiež parádne. Neborlcá, aspoň dnes môže sa ukázať po boku   muža; aspoň dnes môže vystúpiť z temnoty zatvoreného kvartielika a   ohriať sa na slnci mužovej slávy. Ako závistive hladia na ňu dámy s   balkóna! Už za ten pohľad bolo hodno zaplatiť 30.000 zlatých kaucie.   Tu i tu zavznie komando, salva prvá, druhá, tretia... Po každej   výkriky od dám; pohyb, šumot, hovor i smiech. To sú posudky na salvy.   Dajedna je ako by ju odťal, a druhá ako by vysypal mieru hrachu. Tam   od Prašnej brány čuť cisársku hymnu. Veliteľ začína prehliadku.   Všetko pozerá naň, na jeho čákov, a menovite zelené pero na ňom, ä   ešte väčšmi na kríže a medaile, rozosiate po prsiach. On si ide   popred rad} a študuje každú gombičku na mundúre vojakovom.   To je chvíľka, kde i smelému vojakovi príde na um „dunkel“ i   „želiezko“. Prehliadka sa skončila, nasleduje defilovať. Sbormajster   stojí na chodníku, za ním celý štáb a hodnostári. Pluky kráčajú jeden   za druhým, 15*
   </tei:p>
   <tei:p>
    ﻿228
   </tei:p>
   <tei:p>
    každý so svojou muzikou. Prešli huláni i artileria, nastal   nesmierny chaos. Neznáš, kde stojíš, kade kročíš. Nie si pánom   jedného svojho pohybu. Pohol sa razom všetek národ ■— a ako hádže   velká povodeň polienko, tak i teba socia sem a ta sebevoľnosť tlupy.   Prvej najprísnejší poriadok, teraz najväčšia bezuzdnosť. Nevidíš   vojska, nevidíš polície, všetko zmizlo. Sťa by sa voda zatvorila nad   nimi. Každého posadol pud — čím skorej, čím kratšou cestou vymotať sa   z tohoto klbka. Jedna prudká vlna vyšmarila ma na chodník Václavského   námestia. Vydýchol som si voľno, sťa novonarodený, utrel čelo, i   rozhliadam , či nevidím tu niekoho známeho. Moji spoločníci, s   ktorými som stál na trotoári, ztratili sa mi kdesi v tej motanici.   Osamelý vracal som sa námestím na Vinohrady. Nebolo mi veselo ani   najmenej. Čím viac ľudí okolo, včím viac veselosti, tým viac mi   prichodí clivo. Čo si ty v tomto mori ľudstva? V akom si súvise s   týmito ostatnými? V takom, sťa kvapka rosy, keď sedí na liste.   Zadúchne vetrík, odroní sa, odpadne. Zahreje slnce — uschne, a nemáš   po nej pamiatky. Čo ty tu hľadáš? Kde sa tu berieš? Ukáž mi jedného   tu, len jedného, ktorý zaplače, keb} ťa nebolo... Nuž   doliehajú i také ťažké chvíle na slabú dušu človeka. Zovieme to   melanchóliou, nostalgiou a boh vie ako. Nech to má meno aké chce —   ale najlepšie mu vyhnúť, keď môžeš. Lebo vvtaký čas zdá sa ti, že   nemáš prítomnosti, ani minulosti, ani budúcnosti. Neznáš, načo si na   svete, neznáš svojho cieľa, ani určenia. Si vôbec nič — si ztratcná   duša na svete. A také chvíle rady dochodia vo výročné sviatky. Vtedy   najhlbšie cítiš osirenosť. Najživšie cítiš rozdiel medzi teplým   domácim krbom a stu-
   </tei:p>
   <tei:p>
    ﻿229
   </tei:p>
   <tei:p>
    deným cudzím svetom. Medzi svojou malou, chudobnou chalupou a   týmito jagavými palácmi. Ako je čudnovato mjlo, keď rodina sadne za   stôl a zaspieva veľkonočnú pieseň. Keď sa ide do kostolíka a dôverne,   svorne celá rodina vzýva Hospodina! A tu i to je slávnostné, ale   povrchné. Tí samí kresfani, a predsa aký rozdiel! Možno, len mne   padal tak do očú, možno, oči boly také predpojaté... Došiel som na   Vinohrady a zastavil sa na krížnych cestách. Všetko popri mne vracia   sa veselo, rozjareno domov. Všetkých uspokojila dnešná slávnosť.   Niektorí sa uchyľujú do údenárskych závodov, ktoré včera i zavčerom   boly zatvorené a len čo sa teraz otvorily. Vlastne cez najtvrdší   pôst, keď sa nepredávalo, čistilo sa v nich, farbilo i bielilo. Z   takého sklepú vyšla žena akási, krokom ťarbavým, klátivým. Teplo je,   a ona jednako ukrúca sa do širokej šatky vlnenej. Tvári som nevidel,   iba keď ju ko mne zvrátila. Poznal som ju; to bola Adélka. Postavou   je celkom premenená. Nie je to už tá panna, ktorú som našiel,   prisťahujúc sa k nim. Netreba oka medikovho — i každé iné môže na   prvý pohľad uhádnuť, v akom stave je biedna Adélka. Tak, hľa, sa   vysvetlilo, čo znamenaly všetky tie choroby, to polihovanie po   kanape, tie všakové záchvaty, ťažoby i koliky. Teraz sa ukázalo, čo   znamenaly tie schôdzky s barbierom, i to postávanie na schodoch. Aký   nečakaný výklad, i — môžem povedať — žiaľny. Je mi jasné, prečo sa z   domu oddialila, prečo sa neukazuje u nás. Nedivím sa ani starej, že   je od istého času taká čudnovatá. Možno, toto ju celkor* pomútilo.   Zanevrel som na barbiera. Preto, že bol taký
   </tei:p>
   <tei:p>
    ﻿230
   </tei:p>
   <tei:p>
    v uhladený a taký podlý. Ze sa robil prítulným, jemným — a bol   vskutku surový, neviazaný. Odvrátil som sa od nej, aby ani nezbadala,   že som ju videl. Nastúpil som prechádzku širokou ulicou, a bol som   ešte väčšmi zronený, než prvej. VI. Prešly veľkonočné ferie,   študentstva sa zas nahrnulo do Prahy. Dostavily sa dni naozaj teplé a   konečne horúčavy afrikánske. Slnce do poludnia opieralo sa mi rovno   do obloka, tak že o desiatej stalo sa v izbe horúce ani v peci.   Nebolo možno nie pracovať, ale ani dýchnuť. Preto hneď z rána   odchodil som študovať alebo do bibliotéky, alebo do niektorého parku.   S obeda rovno vraciaval som sa domov, lebo vtedy bývalo v izbe dosť   Chladno. Raz po obede hodil som sa na kanap a čítal čosi. Myšlienky   sa zmiatly, litery smiešaly, ruka s knihou klesla.- Neznám, koľko som   mohol spať. Otvorím oči, i dívam sa, dívam. Dvere sú otvorené do   korán, v dome tichosť. A neďaleko stola stojí gazdiná a hľadí na mňa.   Vidno, že mi čosi má povedať. Oči hladia na mňa veľmi pozorne, krotko   a rozumne. Iba ústa úporne zatvorené. A to mi bolo nielen čudné, ale   akosi strašné. Čo chce? .Čo mi má povedať? A prečo mlčí? „Co si   prejete?“ pýtam sa celkom nesmelo. Neodpovedá. „Co to opet máte?“   dolieham na ňu už smelšie. „Co toto vše znamená? Reknete pŕec jednou,   co máte na srdci...“ Ona sa obrátila a bez slova odišla z izby. Zas   do večera’ nepreložil som krížom slamy. Vždy mi stála pred očima —   nemá, zronená, smutná.
   </tei:p>
   <tei:p>
    ﻿231
   </tei:p>
   <tei:p>
    „Nezná v trapiech, čo robí“, utišoval som sa. „Dopadá jej na hlavu   jeden úder za druhým — nie div, že sa jej pomútila.“ V noci sa pustil   tichý dážď a trval do poludnia. V izbe nebola taká horúčava, zostal   som tedy doma predpoludním. Okolo desiatej som začul, že ktosi tam do   kuchyne prišiel. Bolo čuť hlboký mužský hlas. „Jak jste stará? Ale   odpovedi nebolo počuť, iba čo Marenka čosi hovorila. „Mnoho-li máte   let? Jak se vám to prihodilo ? Co, nezpomenete již ? Mluvte pŕece,   když se ptám Zasa mi srdce zabúchalo. Bolo to všetko, ako výsluch   pred súdom. Co to má byť? A ja neznám nič. Ja trpím spolu s nimi —   neznám prečo, neznám začo. Vôbec, všetko skrývajú predo mnou. Dobre,   ale nech mi dajú pokoj! Nech ma netrápia, nech ma neprekvapujú, ako   stará včera. Ja som rád, že ma nechcú zasvätiť do ničoho — len nech   sú dôsledné. Nech mi nikto neprekáža v mojej izbe! Všetko darmo —   boío mi tak tesno, tak dusno, tak nepohodlne 1 Nie, necítil som sa tu   ako doma, ale ako v temnici. Ba horšie tu, než v temnici! V temnici   aspoň znáš, prečo si, začo si tam: a ja tu neznám nič, iba to, že mi   je neznesiteľno. A v noci sa mi ešte horšie prihodilo. Prebudím sa na   akýsi šuchot, otvorím oči — gazdiná mi stojí konča postele. Vo svetle   od plynovej lampy sa mi predstavila sťa kási mátoha. Vlasy   roztrasené, biela košeľa, a zas ten čudný, strnulý pohľad. „Co   hlecláte?“ skríkol som. „Co chcete opét?“ Neodpovedá ani slova, len   ustavične hľadí na mňa. Ja som sa bál, že ma napadne. Skočím a lapím   ju za rameno. Celé telo, chudé a slabé, otriaslo sa pod mojou rukou.   „Bolí mé! vraví ona a prihládza si dlaňou vlasy.
   </tei:p>
   <tei:p>
    ﻿232
   </tei:p>
   <tei:p>
    Na ten krik zobudila sa Marenka, hodila napochytre čosi na seba a   vyviedla ju. Ja som zas ľahol, ale do bieleho rána som oka   nezažmúril. Ako som mohol študovať? Žil som pod strašným tlakom   akýmsi, ni jednej myšlienky som nemal svobodnej. Vždy som sa bál   čohosi, čo prísť malo, a neznal som, čoho sa bojím. Proti svojej   obyčaji ľakal som sa všetkého. I na ulici mi bolo nevoľno. Všade ma   naháňal strach, že ma čosi čaká: nešťastie, ztrata veliká,   prenasledovanie, akýsi úder osudu. Zdalo sa mi, že sa blíži moja   záhuba, že je onedlho obrat, a desný obrat, a s tým sa skončí všetko.   Vôbec nervy boly vo mne rozihrané, choré — reagovaly tuho na každý   malý dojem. Videl som nezvratné, že sa ma chytá duševná choroba. Ešte   sa s ňou moje nervy udatné pasujú: ale nemôže dlho potrvať —   podľahnú. Začalo sa vo mne ujímať presvedčenie, že ja som človek   zničený, ztratený... Nemal som sa s kým poradiť, čo tu treba robiť.   Myslím, i keby bolo bývalo s kým, nebol by sa dal na to. Hanbil som   sa už nielen pred druhým, ale i samým sebou. Lebo čo bolo príčinou   tohoto stavu môjho? Nič iné, než pomery v rodine mojej gazdinej.   Duševná práca nemohla to vyvolať: i väčšie námahy premohol som hravé   a bez takýchto príznakov, Nech sa tedy radím, každý rozumný človek   bude naliehať na mňa, aby sa z tých pomerov emancipoval. A vo mne   nebolo dostatok energie to urobiť. Vošla Marenka a začala ma   odprašovať. Na ňu hnevať som sa ani nemohol. Veď trpela ona   najväčšmi, ale i prezradzovala najviac duševnej pevnoty. Ona ma vždy   tak odzbrojila, že som nebol pánom svojich rozhodnutí. Pýtal som sa   jej, čo ona myslí o tomto stave tetinom.
   </tei:p>
   <tei:p>
    ﻿233
   </tei:p>
   <tei:p>
    „Já sama nevím, pane inžinýre. Ale myslím, že to špatné skončí. Co   dále, tím huŕe. Z počátku mi to ani nepripadlo, ale teďko je zcela   špatné „A kdy to začalo?“ „Trvá to již nékolik nedél. Ale tehdy to   bylo zcela zŕídka. Dva-tŕikrát za nedeli. Teď musím být takrka vždy   kolem ní. Vyklouznu-li treba na okamžik z pokoje, již neco vyvede.   Ona je, chudák, nyní jako díté.“ „Podie toho je vaše teta nemocná!“   zvolal som ja. A odrazu sa mi všetko zjavilo v novom svetle. „Zcela   jisté, pane inžinýre. Kde pak zdráva! Podívejte se, jako kouká njmí   do pokoje. Zdravá by to jisté neučinila.“ „Nebyla na klinice?“ „Za   živý svet nedostanete ji z domu. Ona se vám nehne z bytu, Já jsem   leccos zkoušela — ani na krok z bytu. Včera jsem zavolala na ni   doktora. Pŕedepsal ji medicínu, a kdyby se neumíŕila, že ji dá do   ústavu... Zamĺkla a slzy sa jej sperlily na očiach. Ona iba   tušila, čo znamená „ústav : ja som znal úplne. Bol som v ňom neraz, i   videl tých nešťastníkov „za živa mŕtvych“. Znal som z nich nejedného,   i videl, ako mnohého netlačí tak choroba sama v sebe, ako skorej   vedomie, že je v blázinci. Ľúto mi prišlo túto pokojnú ženu, ktorá i   v chorobe je pokorná a tichá, zatvoriť do toho domu. „Nedávejte ji do   ústavu, dokud je mírna ‘, radil som ja. „Mohlo by se státi, že tam   se’ probudí, pŕijde k jasnému vedomí: predstavte si, kterak to múže   na ni púsobit. „I já se bránim. Ale již nemohu. Ona je velice silná,   když to dôjde na ni. Málem by mé zabila. A což j á — když jsem sama v   byté! Když jste vy doma, to se nebojím. Tehdy je vždy mírna. Vás se   velice bojí. Ale když vy odejdete, celá se
   </tei:p>
   <tei:p>
    ﻿234
   </tei:p>
   <tei:p>
    proméní. Kolikrát jsem musela zvát na ni domovníka nebo pani   Wolfovou. Nejvíce se bojím v noci •— mohlo by se leccos vykonať, když   zaspíme.“ „A což nemuže nikdo pŕijít? Na príklad Adélka?“ „Adélka   nemuže!“ zvolala chvatné a celá sa zapálila. „A z príbuzných nechce   prijít žádný. Všichni se nás štíti. Zustala jsem j á sama, a j á jsem   príliš slaba „A což vy! Ni vy nejste povinná.“ Ja som to prehovoril   nie z presvedčenia. Ale som obanoval, že som si dovolil túto   poznámku. Pozrela na mňa skoro prísne a riekla s plným presvedčením:   „Já musím.“ Vo mne sa vzbudil zasa medik. Chcel som sa dozvedieť, čo   starú donieslo o rozum. A tu mi Maŕenka vyrozprávala celý román, ale   žalostný. Ako bola stará zprvu šťastná žena, ako ju začal muž   pozdejšie zanedbávať a dávať sa na karty. Ako premárnil jej dedictvo,   i ako surovo s ňou nakladal, keď sa dedictvo minulo. Ako ho ona   ľúbila, i ako strašne sa ho bála. „Tehdy to nevypuklo na ní“,   poznamenal som ja. „Proč se to stalo práve nyní? Vždyť vy teď žijete   došti spokojné. Co ji molrlo vynést z rovnováhy ?“ Šípil som dosť   dobre pravú príčinu, ale kási všetečnosť nútila ma, aby sa   presvedčil. I to som obanoval. Maŕenka svesila hlavu. Nevidel som   nič, iba čelo. Najprv bolo bledé, sťa papier, a zas červené, sťa   najživší purpur. Neprehovorila slova; myslím, zadúša ju plač. Ľúto mi   bolo, že tak surovo odvážil som sa dotknúť čerstvej rany srdca. Keď   sa ako-tak sosbierala, odpovedala tichým hlasom: „Já určité nevím,   pane inžinýre.“ Táto odpoveď bola mi celkom jasná. Zjavne som videl,   čo dodalo mojej gazdinej.
   </tei:p>
   <tei:p>
    ﻿235
   </tei:p>
   <tei:p>
    Ale čo mi to všetko pomohlo? Moje postavenie nepremenilo sa ani   najmenej. Situácia sa mi rozjasnila — no to svetlo tým jasnejšie mi   ukazovalo, že som zapadol. Áno, zapadol som do trasoviska, nad ktorým   som chcel tancujúci prejsť. A každý pokus vybŕdnuť ma ešte hlbšie   socal do neho. Kam uletela moja svoboda? Visia na mne okovy, a   neznám, kto ma do nich okoval a kedy. Stalo sa mi, čoho som sa vždy   vystríhal: priviazal som sa k cudzej rodine. A na smiešny spôsob —   lebo iba o láske som myslel, že môže svobodu poviazať. Tu, hla,   nebolo ani lásky, ani ničoho — a bol som v zajatí. Smiešno! Priviazať   sa k rodine, ktorá hynie, ktorej niet pomoci, ktorá je neúprosne   zničená. Ale darmo sa budem trepať, z klepca vymáhať, ked som už v   ňom. Či môžem teraz už zutekať? Bolo by i smiešno i Jianebno. Slabé,   chorľavé dievča vytrvá, a ja by zbabele utekal! Teraz mi už bolo   jasné, v akom smiešnom svetle sa ja musím javiť susedstvu. Od istého   času som badal, že vážnosť v dome mi pobledla. I pani Sommrová, ba i   pani Srbová čudnovato hľadely na mňa. Akiste sa vo mne sklamaly.   Mívajú možno, že ja musím, že som povinný ostať na byte. Známo je,   ako si také ženy vedia vysvetliť takúto zaviazanosť. Čo všetko sa   muselo o mne hovoriť! Z čoho všetkého ma mohly potvárať! Dosiaľ aspoň   mlčaly. Ale dnes pani Sommrová sa ma opovážila pýtať: „Jak pak se vám   líbí na bytu? Jste-li spokojnej?“ „Jsem , odpovedal som vážne. „Vy   máte zdravej spánek. Nie vás nevytrhuje ze spaní?“ Hovorila to s   takou silnou narážkou, že som hneď uhádol, na čo bije. Vedia tedy i o   nočnej scéne.
   </tei:p>
   <tei:p>
    ﻿236
   </tei:p>
   <tei:p>
    „Nemá mne co vytrhovať1, odpovedal som sucho. „Inu, vy jste holt   na to zvyklej...“ „Nač pak?“ „Na noční návštevy...“ Bolo mi ľúto, že   som sa s ňou vôbec pustil do reči. Bolo by nedôstojné vysvetľovať,   čistiť sa pred ženou, ktorá nikdy nemala čistej myšlienky, lebo nikdy   nepoznala čistoty. Pomyslel som si, kto je v peci, myslí, že sú   všetci, a odišiel som z trafiky, kde sa to stalo. Teraz aspoň som sa   uspokojil. Odhodlal som sa vytrvať na svojom mieste. A to   rozhodnutie ma neobyčajne(posilnilo. Nič som sa neokúňal, smelým   krokom kráčal som po ulici. I začal som sa pomaly vracať k obvyklej   práci. Iba sna som nemal tichého. Spával som na jedno ucho, takrečeno   v horúčke. Keď čo šuchlo, už som sa budil, rozhliadal po izbe,   načúval. Súžila ma myšlienka, že gazdiná zmárni v noci alebo nás,   alebo seba. Jedno poludnie, keď som sa vracal s obeda, začul som do   tmavej chodby velikú vravu. V kuchyni som našiel pani Wolfovú, pani   Konvičkovú, i Nešpora. Stará rozzúrená, s velikým kľúčom v ruke,   vrhla sa na Nešpora. Všetci sa pasovali s ňou, a nemohli ju zmôcť,   „Co je to? okríkol som ju. Hodila na mňa pohľad, ale iba zbežný.   Nepoznala ma. Oči, podliate krvou, horia nevídaným ohňom. Žily na   sluchoch napnuté, len puknúť. „Co tady hledáš?“ zúrila, chCejúc   Nešpora udrieť po hlave. Priskočil som i ja, kľúč sme jej vykrútili a   posadili ju na kanap. I tam sa svíjala, všetci sme ustali, lebo jej   sila bola veliká. I keď sa utíšila a nevrtela na mieste, nespustila   očú s Nešpora.
   </tei:p>
   <tei:p>
    ﻿237
   </tei:p>
   <tei:p>
    „On nás zahubil — on nás zahubil!“ šepkala si tichučko. Bolo to   tragické, keď všetko iné zabudla, iba hanba rodiny zostala jej v   pamäti. Y túto chvíľku zdalo sa mi, že je celkom zdravá na duchu i na   tele. Veď jej hnev i zúrenie boly celkom prirodzené. Ba choroba vtedy   dala by sa predpokladať u nej, keby to, čo sa stalo, bola znášala   indiferentné. „Ať se klidí — ať jej nevidím!“ riekla tichým hlasom,   upierajúc oči naňho. Na tvári bolo vidno, ako zúri v nej žiadosť   pomstiť sa na ňom. I muka, že nemôže skočiť, že nemá sily rozdrviť   ho. „Co se neklidíte, když ji to rozčiluje?“ riekol som Nešporovi s   opovržením, ani nepozrúc naňho. „Já jsem jí nie neučinil“, odpovedal   mi chladno. „Človeče!“ I premeral som ho od hlavy do päty. „Že se   nestydíte tak mluvitľ „Já jsem človšlc poctivý — já si ji vemu.“ Na   to som nič neodpovedal. Nebolo mu pri nás príjemne. Nevedel, čo má   robiť a na aký spôsob vytratiť sa z izby. Vzal svoj klobúčik a ticho   odišiel. Za malú chvíľu stará sa celkom upokojila. Zasa sedela ticho   na kanape a pozerala tupo do zeme. Bol som sklamaný! Čakal som po   takom výbuchu, že nastane jasné vedomie. Ale čím viac ju pozorujem,   tým viac tratím nádeju. Vidiac, že ma viac tu netreba, odišiel som do   svojej izby. Onedlho vošly Maŕenka i panie Wolfová a Konvičlcová.   „Pane inžinýre, my ji dáme do ústavu“, začala pani Konvičková.   „Maŕenka pujde k pánu fyziku, ať ji dá vysvedčení. Takhle to zústat   nemúže. Vždyť v dome se často nedostává ni na stravu... A pak Búh dá,   uzdraví se ještš. Bude tam i ona bezpečnéjší, i vy.“ Hľa, situácia   rozjasnená! A ako náhle, i smutne.
   </tei:p>
   <tei:p>
    ﻿238
   </tei:p>
   <tei:p>
    Stará v blázinci, Adélka kto vie kde, Marenka pri rodičoch. Rodina   roztratená, sotretá s povrchu zeme, a ja zas svobodný. Pred pár   týždňami bol by ma taký obrat uspokojil, ale dnes prišlo mi akosi*   ťažko. Sťa keby bol na pohrebe, tak ma to dojímalo. A nemohol som   prekaziť, ani zastaviť tento vývin vecí. Čo iné sa tu dalo robiť?   Niet spôsobu, aby stará mohla tu ozdravieť: v jej záujme je   najväčšmi, aby prišla pod pečlivú opateru a dozor. A konečne ani od   Marenky nemožno žiadať, aby očividome hynula pri nej. „Tedy j á se   opet stehovať!“ vzdychlo sa mi. Ale vzdychlo sa mi nie pre   nepríjemnosti, ktoré sťahovanie so sebou donáša, ale nad osudom   rodiny, ktorá padla, rozdrobila sa na atómy pred mojirna očima. „Jak   to, pane inžinýre! zvolala Marenka. „Vždyť máte napred zaplacíno! Byt   my nepustíme, vždyť je vyplacen do prvního srpna. Jestli se tetinka   neuzdraví, tatínek po prvním srpnu sprodá všecko. Ale do té doby   mužete zde bydlit, je-li vám líbo.“ „Mne by to bylo nejmilší, kdyby   se to dalo provést“, odpovedal som ja. Vyznám, najväčšmi ma mrzelo,   že zostanem tu s Maŕenkou sám. Známo, aké sú v dome jazyky. Menovite   som sa. bál pani Sommrovej a Julinky. Marenka musela vycítiť, čo ma   hatí. Začervenala sa, keď riekla: „Já si vemu 1c ruce malou sestŕenku   od tety Konvičkové. Muže zde pohodlné bydlit. “ Tak sa všetko   usporiadalo. Pred večerom vyobliekali moju gazdinú: oklamali ju, že   ju povezú na na „májovou slávnosť“. Posadili do drožky. S jednej   strany sedela pani Wolfová, s druhej Maŕenka. Ja som sa díval, kým   drožka nezmizla i s mojou gazdinou za rohom ulice.
   </tei:p>
   <tei:p>
    ﻿239
   </tei:p>
   <tei:p>
    Prišlo mi akosi lúto, sťa pri pohrebe. I naozaj, nikdy som jej   viac nevidel. VII. Konečne sa pohly trochu i zkúšky. Vybavil som dve   praktika a chystal som sa k tretiemu, z pôrodníctva. Vzal som si   šesťtýždňový kurs, ktorý dával asistent pôrodníckej kliniky „pro pp.   kandidáty III. rigorosa . Chodilo nás osemnásť „učencu a učenečkú“,   ako nás prezývali kolegovia, ktorí bez kursov chceli urobiť zkúšku.   Učenosti pri nás nazbyt, ba ani velikej ambície. Šlo nám o vycvičenie   sa v elementárnych známostiach. Chceli sme znať tolko, aby sme   „preplávali“ na zkúške. Všetci sme mali úmysel vybaviť zkúšky do leta   a vrátiť sa na vakácie s doktorátom v kufre. Znali sme určite, že   nejeden ’z nás nedostihne svojho ciela. Veď zkúšky podobajú sa   dostihom, a to dostihom s prekážkami. Nejednému sa prihodí, že   nepreskočí najostatnejší jarok. Nie div, že sa nás neraz chytal   „šibeničný humor , keď sme sa o tom shovárali. A darmo je, najviac   tým sme sa bavili pred každým cvičením. Jeden deň som sa opozdil,   cvičenie sa bolo začalo. Asistent už rozdelil kursistom „materiál“, i   stáli v grupách po štyroch okolo postelí. Sobliekol som i ja kabát,   vyhrnul rukávy a priviazal bielu zásteru. Keď som sa umyl, ako   predpis káže, pridružil som sa k svojej skupine. Bola nám pridelená   mladica, ktorá dosť dobre bola obznámená s týmto ústavom: viac ráz ho   už vyhľadala. Ostatne privykol som nevšímať si bližšie „materiálu“.   Nie je to užitočné, lebo naštrbuje autoritu; a ani poučné, lebo román   jednej značne sa ponáša na román druhej. A keď čítaš román, hoci i   podá-
   </tei:p>
   <tei:p>
    ﻿240
   </tei:p>
   <tei:p>
    rený, vela ráz — zunuje sa ti, zovšednie. Naučíš sa i na tragikum   pozerať chladno, menovite keď ho vidíš každý deň tolko ráz. Keď sme   svoj „casus“ prehliadli a postavili diagnosu, išli sme k druhým   posteliam. Bolo treba skontrolovať, či druhé skupiny nepochybily v   diagnose. Tak sme došli k posteli, na ktorej leží žena, ako sa zdá,   celkom mladá. Nemohlo sa súdiť, aká je ináče — tvár si zakryla   rukama. Iba čelo sa vidí, i to horí živým rumencom. „Prvý raz je tu“,   myslím si a nepríjemno mi je. Nepríjemno, nie že padla nevinnosť, ale   že vyšetrovanie sa neodbaví hladko. Takáto pacientka je veľmi planý   materiál pre kandidáta, menovite ak sa mu dostane ku zkúške. Je   bojazlivá, a kandidát neraz prepadne pre ňu. Jeden z kolegov sadol si   ku posteli a nahol sa jej nad hlavu. „Kolikrát jste byla zde?“ pýta   sa jej ticho. „Prvníkrát“, odpovedá ona. Jednu ruku odtiahla trochu,   i zazrel som kus tvári. Bolo mi, ako by ma ktosi búšil do pŕs! Na   posteli ležala Adélka. I ona ma zazrela; tvár jej zbledla sťa stena.   O chvíľu ju pokryl rumenec, i. videl som zďaleka, ako jej srdce búrne   tlčie. Padla na mňa neobjmajná tieseň. Objektívnosť „učenca* padla, v   hlave sa rojilo tisíc myšlienok. A konečne vystúpila na povrch hlboká   sústrasť. Aká je ponížená, aká zničená! Ztratila razom všetko —   krása, milota, všetko nemá ceny. A čo všetko ztratila! Ako ju nosili   na rukách, ako ju maznali. A tu je nič — tu je ona č. 7425. Ba ani to   — teraz je prostriedok, je materiál. Má pre nás toľko významu, ako   dobre zhotovený fantóm. Pozrela na mňa, a nezabudnem ľahko toho   pohľadu. I žiaľ, i styd, i výčitky v ňom. Ja som pozeral na ňu a   musela vidieť, ako ju ľutujem.
   </tei:p>
   <tei:p>
    ﻿241
   </tei:p>
   <tei:p>
    Zakryla si znovu tvár, a pustila sa do usedavého plaču. „Co j í je   — co delá?“ dohovára jej kolega. „Jaká kŕehotinka!“ hreší ju hlavná   babica. „Co se j í stalo?“ pýta sa asistent, prijdúc sem od stola,   kde čosi zapisoval. Kolegovia v nedorozumení hľadia jeden na druhého.   Nikto netuší, čo sa tu odohralo pred malou chvíľou. Ja som zaraz   odviazal zásteru a odel kabát. Odchodil som domov rhocne otrasený.   „Co máš, kam jdeš?“ dorážajú na mňa kolegovia. Cudno im je, že pred   samou zkúškou hrám takú hazardnú hru —- prepúšťam materiál   nevykoristený. Od toho dňa bolo mi veľmi trudno chodiť do „červeného   domu“, ako sa pôrodnica volá. * Sedím na „velikom“ parníku. Veliký   relatívne — z najväčších, aké plavia sa po Vltave. Vybral som sa i so   šiestimi kamarátmi na vychádzku do Zbraslavi. Zachcelo sa nám, ktorí   sme boli na skoku domov, rozlúčiť sa s čarovným okolím „matičky“   Prahy. Možno, už ostatný raz sme tu — veď včera na obed povýšili nás   za doktorov. Nemyslím ja na nič na svete — znám iba to, že padlý so   mňa okovy, i že som otriasol prach školský s obuvi svojej. Ba že zem   nevyskočí z pántov! Ako sa môže takto flegmaticky točiť okolo osi   svojej ? Neprišla ani búrka, hrom a ľadovec, ani mor a cholera.   Svetový riad v najmenšom sa nepremenil, a história, sveta kráča   odmeraným krokom i ponad túto velikú udalosť. Ozaj čudno. I na   parníku toľko sveta, a nijaká premena na nikom. Ani jeden netuší, čo   sa včera na poludnie stalo. Eh, čo — dostačí, že zmenu cítim ja. Ako   Martin Kukučín: Sobrané Spisy VI. l6
   </tei:p>
   <tei:p>
    ﻿242
   </tei:p>
   <tei:p>
    ináče sa dýcha dnes! Tisíc okoví padlo mi s pleca. Tisíc starostí   sa prepadlo, s ktorými roky a roky som líhal i vstával. Nálada je   veselá. Na Zbraslavi vošli sme do záhrady a sadli za neveliký stôl.   Nieto za ním prázdneho miesta, aspoň sa nikto nevotre medzi nás. Od   susedných stolov pozerajú na nás zvedavo, možno i závistivc. Budila   pozornosť srdečná veselosť za naším stolom. Nás všetko uspokojilo, i   všetko zabavilo. Ani povestná hudba s bubny a flétnami nemohla v nás   otriasť dobrú vôľu. Ani rozheganý verkel a žalostné jeho melódie   nemohly nás sotiť v melanchóliu. Z predavačov nikoho nepustili sme   bez zárobku. Na našom stole leží hŕba gombičiek, nožíkov, cigarníkov,   kefočiek, ihiel, kravat, punčoch, a kto by všetko vypočítal! Prišiel   i známy „krotitel hadú z Podola, a jeden z priateľov chcel   nasilu kúpiť mladú zmiju od neho. Stála len tri šestáky. „Ale nech!“   napomínali sme ho. ,,Co si s ní V V -N U počneš? „Zmiji múžeš   lacineji koupit, chceš-li ji mermomocí mít“, riekol jeden, ukážuc na   vysokú, chudorľavú ženu s vysadnutou spodnou čeľusťou a prenikavým   okom. „Jen vem nejdŕív onu žábu u ní.“ „Opravdu hezká“, prisviedča   druhý, a všetci sme sa zadívali na mater, vlastne na peknú jej   dcérku. Slovom, všetkým nám je veselo. Cítim zasa, že som človek,   ozajstný človek. Tento pocit mi chyboval zavčerom. Ubily ho všakové   starosti: veď ho ubíjaly od dávna, možno od detinstva. Po toľkých   rokoch narodil sa znovu, celý, čistý. Vrátil som sa zas ta, odkiaľ   som bol vyšiel, vlastne zablúdil. A koľko ich tak blúdi, sem a ta!   Hľa, kolega
   </tei:p>
   <tei:p>
    ﻿243
   </tei:p>
   <tei:p>
    tamto, František Červený! I on hľadá sám seba, a nemôže sa nájsť.   Ako ide smutno, ako by sa čohosi bál, a ako sa obzerá. Sťa by sme mu   všetci boli nepriatelia! Videl i nás, ale sa pretvaruje, že nás   nevidí. Neteší ho sísť sa so starými kamarátmi. Veď všetci sme sa v   jednom roku s ním zapísali na fakultu. I dva-tri roky ťahali sme   spoločne za jeden povraz. Ale pri prvom rigorosu padol z čohosi, a to   ho znechutilo. Ostatné dva roky som ho vôbec nevidel na prednáškach.   Čo mu prekáža sadnúť medzi nás, ožiť znovu, ohriať sa na našej   radosti ? Ztratil sám seba a sadá ta ďaleko, 1c osamelému stolu.   Zabolelo ma, že sa mi tak odcudzil. Akí sme boli prvé roky úprimní   priatelia! „Holečku, to se tak dčje!“ vysvetľoval mi jeden z   kamarátov. „Vyznejme úprimné: i my jsme byli takoví. Vzpomencš si,   jak jsi prestal pozdravovať Hrušku hn po jeho promoci? I   naozaj, prišlo mi na um, ako mi bolo ťažko stretnúť sa s týmto   Hruškom. Ived som mohol, vyhol som mu zďaleka. A tiež sme boli v prvé   roky tuhí priatelia. A prečo som mu vyhýbal? Lebo sa mi zdalo, že po   promoci trochu spyšnel a chcel hrať predo mnou rolu akoby protektora.   S ostatným parníkom vrátili sme sa do mesta. Bola teplá, tichá noc.   Tichý vetrík poťahoval ulicami, chladiac spečenú atmosféru. Ulice   plávajú v svetle, po nich sa hemží plno národa. Nebeží nikto,   neponáhľa sa — nikoho nepohádajú teraz povinnosti. Každý užíva   tichého večera, nikomu sa nechce ešte zavrieť sa do izby. I nám ťažko   sa rozlúčiť. Žiada sa nám posedieť, posliovárať sa ešte. Tak sme sa   zvrátili do jednej kaviarne. Bola preplnená, ako to v nedeľu večer   býva. Zasadli sme za stôl, lenže vzduch tu 16*
   </tei:p>
   <tei:p>
    ﻿244
   </tei:p>
   <tei:p>
    bol proti dedinskému ťažký sťa olovo. I z duše sa vykrádala veliká   spokojnosť dnešná. „Prestávaš byť žiakom. Prekročil si školský prah,   si von, a čo ťa čaká?“ Čosi prísneho, čosi tvrdého,v bezohľadného,   čosi suchého mi kynulo oproti. Čo je to? Zas nová mátoha? „To je   život!“ vykríklo vo mne čosi. I ružový oblak rozplynul sa pred očima.   Zimomriavky naskočily na kožu, keď som sa prizrel bližšie tomu   novému. v u f „Zivo, život , hovorím sam sebe. „Teda toto sa   zovie životom...“ „Co je ti?“ pýta sa ma jeden z kolegov. „Co   pŕemítáš?“ „Nie.“ „A j á vím, co Č ozval sa druhý. „Stýská se ti za   nekterou hezoučkou, miloučkou... Co plátno!“ vzdychol si on. „Teď se   to vše musí položit stranou. Zbydou z toho takzvané „vzpomínky“ — to   jest žrádlo pro špatné spisovatele. Zbydou pestré cáry ze všech téch   kvetnatých luhu a rájú, a nevím, jako jsme ješté ty hlouposti zvali.   Teďko je čas myslit na fádnou stanici — takhle fysikát, a solídne se   oženit „Podívejme se“, zavolal druhý, „Adélka opet vychází.“ „Jaká   Adélka?“ pýtajú sa druhí. „Inu, tamhle ta. Jednou jsme se dobre   bavili. To bylo loni o Sylvestru. Hezká byla, i nyní je interesantní   Bola to naša Adélka. Pekne, môže sa po*- vedať, elegantne oblečená.   Na tvári zas veselý, bezstarostný úsmev. Zastavil sa mi rozum: či je   to tá istá bytnosť, ktorú som pred pár týždňami v pôrodnici videl?   „Brzo se sprostiia pôrodnice. Vzpomeneš si, jak tenkrát plakala, když   jsme meli kúrs?“
   </tei:p>
   <tei:p>
    ﻿245
   </tei:p>
   <tei:p>
    „Kde pak — já jsem to již zapomnél.“ Ja som mlčal a úporne pozeral   na ňu. Sedela dôverne vo spoločnosti obstarného človeka. Je to   všeobecne známy boháč a úžerník na Kráľovských Vinohradoch.   Predkladal jej čokoládu i všakové sladké kúsky. Bol vôbec ■ nesmierne   štedrý a ona nesmieme prítulná. „Tentokrát popadla pravého!“   poznamenal kolega. „Alespoň mu vytrhne nékolik zlatých brk.“ „A na   žáru jich lásky bude se pravdepodobne ohŕívat nekdo tretí“, doložil   druhý kolega. „A čtvrtý a pátý et caetera ad iníinitum... Chcel som i   ja niečo preriecť. Čosi ma nútilo, aby ju bránil. I hľadal som v jej   tvári vysvetlenie, čo si myslieť. Raz sa obzrela na náš stôl a   prezrela si nás jedného po druhom. Tak si prezeráme neznámé tváre.   Prezrela si i mňa, a oči sa nám stretly. V jej nebolo pisano nie   obzvlaštneho. Co našla v mojich, neznám. Len viem, že sa odvrátila   nepresadia, aby ju viac nemohol inkomodovaf. Čosi podivného zavialo   mi prsami. Tieseň s nich spadla. Dýchal som svobodno. Adélka prestala   ma zanímať. Vzal som klobúk a porúčal sa kamarátom. „Kam pak   specháš?“ pýtali sa ma. „Domú“, odpovedám. „Zítra musím včasné vstat,   neb se chystám do domova... “
   </tei:p>
  </tei:body>
 </tei:text>
</tei:TEI>
