<?xml version="1.0" encoding="utf-8"?>
<tei:TEI xml:id="SLK2012924" xml:lang="slo" xmlns="http://www.tei-c.org/ns/1.0" xmlns:eltec="http://distantreading.net/eltec/ns" xmlns:tei="http://www.tei-c.org/ns/1.0">
 <tei:teiHeader>
  <tei:fileDesc>
   <tei:titleStmt>
    <tei:title ref="ISBN:978-80-8101-278-5">
     Rýchlikom : ELTeC edícia
    </tei:title>
    <tei:author ref="viaf:42640171">
     Maršall-Petrvoský, Gustáv (1862-1916)
    </tei:author>
    <tei:respStmt>
     <tei:resp>
      editor
     </tei:resp>
     <tei:name>
      Marek Vician
     </tei:name>
    </tei:respStmt>
   </tei:titleStmt>
   <tei:extent>
    <measure unit="words">
     743
    </measure>
   </tei:extent>
   <tei:publicationStmt>
    <tei:p/>
   </tei:publicationStmt>
   <tei:sourceDesc>
    <tei:bibl type="printSource">
     <tei:author ref="viaf:42640171">
      Maršall-Petrvoský, Gustáv (1862-1916)
     </tei:author>
     <tei:title ref="ISBN:978-80-8101-278-5">
      Rýchlikom
     </tei:title>
     <tei:pubPlace>
      Bratislava
     </tei:pubPlace>
     <tei:publisher>
      Kalligram
     </tei:publisher>
     <tei:date>
      2012
     </tei:date>
    </tei:bibl>
   </tei:sourceDesc>
  </tei:fileDesc>
  <tei:encodingDesc n="eltec-1">
   <tei:p/>
  </tei:encodingDesc>
  <tei:profileDesc>
   <tei:langUsage>
    <tei:language ident="sk"/>
   </tei:langUsage>
   <tei:textDesc>
    <eltec:authorGender key="M"/>
    <eltec:size key="short"/>
    <eltec:canonicity key="unspecified"/>
    <eltec:timeSlot key="T3"/>
   </tei:textDesc>
  </tei:profileDesc>
  <tei:revisionDesc>
   <tei:change when="2023-12-26">
    Initially created as an ELTeC file
   </tei:change>
  </tei:revisionDesc>
 </tei:teiHeader>
 <tei:text>
  <tei:front>
   <tei:div type="titlepage">
    <tei:head>
     RÝCHLIKOM
    </tei:head>
   </tei:div>
  </tei:front>
  <tei:body>
   <tei:p>
    Dej: z okna - do okna.
        Osoby: on - a ona.
   </tei:p>
   <tei:div type="chapter">
    <tei:head>
     I.
    </tei:head>
    <tei:p>
     „Mesiac svieti, nemyslíte, slečna, že by človek...“
          „Was, mein Herr?“
    </tei:p>
    <tei:p>
     „Či nemyslíte, že by človek náchylný bol poklony dávať?“
          „Was geht das mich an?“
    </tei:p>
    <tei:p>
     „Myslím, že ste srbské piesne spievali?“
    </tei:p>
    <tei:p>
     „Prečo to myslíte?“
    </tei:p>
    <tei:p>
     „Tak sa mi zdalo.“
    </tei:p>
    <tei:p>
     „Ako vidím, plytké dno!“
    </tei:p>
    <tei:p>
     „Ostatné slová ste veľmi zaťahovali.“
    </tei:p>
    <tei:p>
     „Teda predsa hlbšie!“
    </tei:p>
    <tei:p>
     „Máte dobrý orgán, slečna!“
    </tei:p>
    <tei:p>
     „Viem!“
    </tei:p>
    <tei:p>
     „Máte utešený hlas.“
    </tei:p>
    <tei:p>
     „Opakujete sa, pane!“
    </tei:p>
    <tei:p>
     „Ste Slovanka, slečna?“
    </tei:p>
    <tei:p>
     „Áno! Čo vás to zaujíma?“
    </tei:p>
    <tei:p>
     „Ľúbim Slavianky.“
     <tei:pb/>
     „Br!“
          „Je vám zima?“
    </tei:p>
    <tei:p>
     „Pred takou obšírnou láskou áno, pán Nemec...
          „Ja som tiež Slavian!“
    </tei:p>
    <tei:p>
     „Ale! Akej národnosti?
    </tei:p>
    <tei:p>
     „Srblin sam, sestro!“
    </tei:p>
    <tei:p>
     „No, no, nie tak rýchlo.“
    </tei:p>
    <tei:p>
     „Srb je Srbke bratom.“
    </tei:p>
    <tei:p>
     „Haha, boli by ste zlým bratom.“
    </tei:p>
    <tei:p>
     („Mico, odi, odi!“)
    </tei:p>
    <tei:p>
     „To vás volajú?“
    </tei:p>
    <tei:p>
     „Áno. Matka sa bojí, že prechladnem pri okne.“
          „Zbohom teda! Ja som doktor Radevič.“
    </tei:p>
    <tei:p>
     „Ja Mica Kušičová. Zbohom, pán sused.“
    </tei:p>
   </tei:div>
   <tei:div type="chapter">
    <tei:head>
     II.
    </tei:head>
    <tei:p>
     „Dnes ste ešte krajšie spievali.“
    </tei:p>
    <tei:p>
     „Nedela som, že mám poslucháča.“
    </tei:p>
    <tei:p>
     „Ste márnivá teda?“
    </tei:p>
    <tei:p>
     „Rada sa páčim celému svetu.“
    </tei:p>
    <tei:p>
     „Celému svetu, slečna...? Brr!“
    </tei:p>
    <tei:p>
     „Buďte rád, ste aspoň i vy zarátaný!“
    </tei:p>
    <tei:p>
     „Som vám povďačný.“
    </tei:p>
    <tei:p>
     „Á propos! Nevidím vám tvár dobre. Boli ste to vy dnes o piatej v mest-
          skom parku?“
    </tei:p>
    <tei:p>
     „Áno!“
    </tei:p>
    <tei:p>
     „Neverím vám!“
    </tei:p>
    <tei:p>
     „Prečo? Vysoká postava, široké plecia, čierna brada, dlhé fúzy, široký
          klobúk, veríte, slečna?“
    </tei:p>
    <tei:p>
     „Nerím: dobre ste sa opísali.“
    </tei:p>
    <tei:p>
     „Je mi lúto, že som vás ja nevidel.“
    </tei:p>
    <tei:p>
     „Teší ma. Som vám takto zaujímavejšia.“
    </tei:p>
    <tei:p>
     „Máte krásnu tvár, oči blčia vám, slečna. A postava?“
    </tei:p>
    <tei:p>
    </tei:p>
    <tei:p>
     <tei:pb/>
     „Čiperná, asi po vašu dlhú bradu, pane!“
    </tei:p>
    <tei:p>
     „Môžete byť krásnym zjavom.“
    </tei:p>
    <tei:p>
     „Som, pane.“
    </tei:p>
    <tei:p>
     „Ako, slečna? Vy to tak určite tvrdíte? Skadiaľ?“
          „Porovnávala som a verím i zrkadlu, pane!“
    </tei:p>
    <tei:p>
     „Haha! Rada sa pozeráte v ňom?“
    </tei:p>
    <tei:p>
     „Nie. Len keď sa musím.“
    </tei:p>
    <tei:p>
     „Verím vám.“
    </tei:p>
    <tei:p>
     „Musíte mi veriť.“
    </tei:p>
    <tei:p>
     „Prečo musím?“
    </tei:p>
    <tei:p>
     „Pretože som vás ešte neoklamala.
    </tei:p>
    <tei:p>
     „Haha! Máte málo skúseností, slečna. Ste dávno vo Viedni?“
          „Dva mesiace.“
    </tei:p>
    <tei:p>
     „Skadiaľ ste prišli?“ Z Uhorska, z N.
          vič!“
    </tei:p>
    <tei:p>
     „Prekvapujete ma. Ako to viete, slečna!“
    </tei:p>
    <tei:p>
     „Pamätám sa na vás, lenže vtedy nemali ste ešte brady.“
    </tei:p>
    <tei:p>
     „Kušič, Kušič: ach bože! Vy ste dcéra pána majora?“
    </tei:p>
    <tei:p>
     „Áno. Otec umrel, žijem tu s matkou.“
    </tei:p>
    <tei:p>
     „A prečo tu, slečna Milica?“
    </tei:p>
    <tei:p>
     „Chodím na konzervatórium.“
    </tei:p>
    <tei:p>
     „Podajte mi ruku. Ja som vás dakedy kolísal.“
    </tei:p>
    <tei:p>
     „Nemožno, pane. Mám krátku ruku. Obloky sú nám ďalej ako...“
          „Dvere myslíte? Idem!“
    </tei:p>
    <tei:p>
     „No, no, len nie tak chvatom. I zajtra svitne, teraz je už neskoro: matka.
          drieme.“
    </tei:p>
    <tei:p>
     „Zato sa ale môžeme zhovárať?“
    </tei:p>
    <tei:p>
     „Tu som.“
    </tei:p>
    <tei:p>
     „Pamätáte sa.
    </tei:p>
    <tei:p>
     „Áno, na všetko pamätám sa. A čo vy robíte vo Viedni?“
    </tei:p>
    <tei:p>
     „Nedávno som skončil štúdiá: teraz som pomocným lekárom v nemoc-
          nici.“
    </tei:p>
    <tei:p>
     „Ostanete dlho tu?“
    </tei:p>
    <tei:p>
     „Nie, vN. ma čakajú. Vyvolili ma za lekára.“
    </tei:p>
    <tei:p>
     „Ach!“
    </tei:p>
    <tei:p>
    </tei:p>
    <tei:p>
     a. A vyste tiež stadiaľ, pán Rade-
     <tei:pb/>
     „A vy, slečna? Máte peknú budúcnosť so svojím hlasom.“
          „Ach, pane! Nútená dráha! Radšej by...
    </tei:p>
    <tei:p>
     („Mico, odi! Micol“)
    </tei:p>
    <tei:p>
     „Zbohom, doktor! Volajú ma.“
    </tei:p>
    <tei:p>
     „Zbohom, do videnia!“
    </tei:p>
    <tei:p>
     O jedenástej!“
    </tei:p>
   </tei:div>
   <tei:div type="chapter">
    <tei:head>
     III.
    </tei:head>
    <tei:p>
     „Voľno!!
          „Sluha pokorný!“
          „Vitajte, pán Radevič!“
          „Postojte, slečna, malá Mica, nech vás vidím... Aká ste krásna!“
          „Pokoj, pane! Nech sa páči, sadnite si.“
          „Hneváte sa, slečna?“
          „Som namrzená. Teraz som prišla z prednášok a matky niet doma. A ja
          vás na jedenástu pozvala. Mohli by ste si pomyslieť, že...“
    </tei:p>
    <tei:p>
     „Ale, prosím! Načo toľko formalít, veď sme my starí známi, zlatá Mica.“
          „la nie som ani zlatá, ani krásna, ani malá Mica, ale slečna Kušičová?
          Viete?“
    </tei:p>
    <tei:p>
     „Ha, ha! Milostivá slečna Kušičová, dovoľte, aby si blahorodý pán doktor
          Radevič sadnúť smel.“
    </tei:p>
    <tei:p>
     „Vy ste taký, aký ste boli: samop:
          „Vy ste ale malá, krásna, zlatá Mica. A ja, aby ste sa nebáli pletiek,
          dočkám vašu pani matku.“
    </tei:p>
    <tei:p>
     ste ako pop: vlasy po plecia, brada skoro po driek a postava ako
          loveku skoro strachu naženiete.“
    </tei:p>
    <tei:p>
     „Bojíte sa ma, malinká Mica?“
    </tei:p>
    <tei:p>
     „Ja, ja sa vás nebojím a velká som pre seba tiež dosť.“
    </tei:p>
    <tei:p>
     „Vy ste škovránok so strieborným hláskom, Mica. Rád by vás tak húpať
          ako pred trinástimi rokmi.“
    </tei:p>
    <tei:p>
     „A ešte čo, pán doktor?“
    </tei:p>
    <tei:p>
     „A ešte ste mi ruku nepodali.“
    </tei:p>
    <tei:p>
     „Tu je!“
    </tei:p>
    <tei:p>
    </tei:p>
    <tei:p>
     <tei:pb/>
     „Krásna rúčka, ale prečo sa trasiete? Bojíte sa svojho starého priateľa?“
          „Nie, nie, ale pustte ruku!“
    </tei:p>
    <tei:p>
     „A vočiach slzy! Hneváte sa, Mica?“
    </tei:p>
    <tei:p>
     „Nie, nie, ale mi necelujte ruku!“
    </tei:p>
    <tei:p>
     „Ach, moja zlatá Mica, prečože?“
    </tei:p>
    <tei:p>
     „Len, len! Pusťte! Vy ste grobian...! Mama ide.“
    </tei:p>
    <tei:p>
     „Nech ide, Mica. Tým lepšie. Bozkaj ma, Mica.“
    </tei:p>
    <tei:p>
     „Ach, bože, ach!“
    </tei:p>
    <tei:p>
     „Tak, Mica, tak!“
    </tei:p>
    <tei:milestone rend="hyphens" unit="subchapter"/>
    <tei:p>
     „Ako ma máš rada, Mica?“
          „Ako holub žitko, kvet rosu, vták slobodu, tak ťa mám rada Radivoj,
          muž môj! - A ty mňa, Radivoj?“
          „Ako škovránok ranný vzduch, orol smelý let, žito jarké slnce, smäd-
          ný čerstvý nápoj, nie, nie, ešte väčšmi, žena moja, zlatá, malinká Mica
    </tei:p>
    <tei:p>
     moja!“
     <tei:pb/>
    </tei:p>
   </tei:div>
  </tei:body>
 </tei:text>
</tei:TEI>
