<?xml version="1.0" encoding="utf-8"?>
<tei:TEI xml:id="slk1946860" xml:lang="slk" xmlns="http://www.tei-c.org/ns/1.0" xmlns:eltec="http://distantreading.net/eltec/ns" xmlns:tei="http://www.tei-c.org/ns/1.0">
 <tei:teiHeader>
  <tei:fileDesc>
   <tei:titleStmt>
    <tei:title>
     Prišiel domov : ELTeC edícia
    </tei:title>
    <tei:author ref="viaf:29540125">
     Royová, Kristína (1860 - 1936)
    </tei:author>
    <tei:respStmt>
     <tei:resp>
      editor
     </tei:resp>
     <tei:name>
      Marek Vician
     </tei:name>
    </tei:respStmt>
   </tei:titleStmt>
   <tei:extent>
    <tei:measure unit="words">
     8794
    </tei:measure>
   </tei:extent>
   <tei:publicationStmt>
    <tei:p/>
   </tei:publicationStmt>
   <tei:sourceDesc>
    <tei:bibl type="printSource">
     <tei:author>
      Royová, Kristína
     </tei:author>
     <tei:title>
      Prišiel domov
     </tei:title>
     <tei:pubPlace>
      Stará Turá
     </tei:pubPlace>
     <tei:publisher>
      v. a. Ev. vnútornomisijný a abstinentný spolok Modrého kríža
     </tei:publisher>
     <tei:date>
      1946
     </tei:date>
    </tei:bibl>
   </tei:sourceDesc>
  </tei:fileDesc>
  <tei:encodingDesc n="eltec-1">
   <tei:p/>
  </tei:encodingDesc>
  <tei:profileDesc xmlns:eltec="http://distantreading.net/eltec/ns">
   <tei:langUsage>
    <tei:language ident="slk"/>
   </tei:langUsage>
   <tei:textDesc>
    <eltec:authorGender key="M"/>
    <eltec:size key="short"/>
    <eltec:canonicity key="unspecified"/>
    <eltec:timeSlot key="T4"/>
   </tei:textDesc>
  </tei:profileDesc>
  <tei:revisionDesc>
   <tei:change when="2025-08-20">
    Initially created as an ELTeC file
   </tei:change>
  </tei:revisionDesc>
 </tei:teiHeader>
 <tei:text>
  <tei:front>
   <tei:div type="titlepage">
    <tei:head>
     PRIŠIEL DOMOV
    </tei:head>
    <tei:head/>
   </tei:div>
  </tei:front>
  <tei:body>
   <tei:p>
    ﻿také sú tie naše hory slovenské, že ked sa po nich pustíš chodiť,   zdá sa ti, že im ani konca ani kraja nenájdeš. Prejdeš jeden vrch, za   ním hlboká dolina, a zase vrch a zase dolina, a tak zprava i zľava a   to rad radom. A ak ciest a chodníkov neznáš, ani sa do nútra   nepúšťaj, lebo hovoria ľudia, — či je pravda alebo nie je, ja neviem,   len čo od malička počúvam, — že všetky cesty vedú do Ríma; ale to ti   môžem povedať, že koľko-koľvek je ciest v našich horách, každá len do   nútra vedie, ale žiadna von, ak sa len nazpät neobrátiš.
   </tei:p>
   <tei:p>
    A tak vám je v tých horách pekne, ani neviete, na čom oči nechať.   Každý strom tak si vám stojí popri jarku a každý kríček, že by ste si   ho inde ani predstaviť nemohli. Pekne všetko na svojom mieste. Tie   veľké nesú sa hore za slnkom, rozložily široké koruny, ako by tie   menšie pred víchrami chcely chrániť. A dobre je v tých našich horách.   Ak chceš byť sám, môžeš aj hodiny ísť a nestretneš človeka, ktorý by   ti dal zlé slovo, škaredý pohľad, a nad hlavou, ked vetrík konáre a   koruny pohýbe, tak tie stromy hrajú a pri nohách potôčky spievajú! V   dolinách až sa tak ozýva spevom vtáčatiek, bzučaním včiel, čmelákov a   inej okrídlenej drôbeže, Chceš si odpočinúť ľ Hľa, aké postele,   vystlané
   </tei:p>
   <tei:p>
    3
   </tei:p>
   <tei:p>
    ﻿a jarkoch tu ležal, stála na rubisku po kuse mladá štíhla hora a   zase divoké kry červených i čiernych malín, lúčinky, za leta posiate   jahodami a bohatstvom kvetov, ktorým, ako sám Syn Boží povedal, ani   Šalamún sa nevyrovnal v kráse.
   </tei:p>
   <tei:p>
    Nuž, tá chalúpka Mikulovie tak si tam cez všetky tie roky stála,   ako by to už na veky tak malo zostať, tá stará rozkonárená, nahnutá   hruška a tá, machom tlsto
   </tei:p>
   <tei:p>
    machovými poduškami! Ach, áno, také sú tie naše hory tam, kde ich   ľudia ešte nemilosrdne nepreriedili, ako pekná tajomná povesť. Keby   ľudia rozumeli, čo by im ony vedely rozprávať, všetky svoje práce by   nechali a tak by tú ich rozprávku počúvali. Nuž i ja vám chcem aspoň   niečo z toho sdeliť, čo mne ony rozprávaly, keď som sa ešte mohla   nimi prechádzať.
   </tei:p>
   <tei:p>
    Rozprávaly mi raz o babičke Mikulovej a jej deťoch.
   </tei:p>
   <tei:p>
    Bývala ona vraj od svojho štrnásteho roku pcd Plešivcom, neďaleko   rubiska v poslednej chalúpke Bazovských kopaníc. Už vyše sto rokov   stála chalúpka na tom mieste, kde ju bol postavil starý Matej Mikula   pre svojho najstaršieho syna, aby mu, keď ho spravili hájnikom, bolo   blízko do hôr. Je pravda, že od východu na západ tiahly sa vtedy   neprehľadné rady starých, pevných stromov, ako také veľké vojsko,   ktoré, keď prišla babička Mikulová pod Plešivec, ako vojsko vo vojne   popadaly a povstala slnkom ožiarená seč až po samé Šance. Dnes, keď   vlasy babičkine podobaly sa tomu snehu, ktorý dakedy aj cez august v   úbočinách
   </tei:p>
   <tei:p>
    4
   </tei:p>
   <tei:p>
    ﻿porastlá, až takmer o breh opretá strecha, podopretá už dávno   starými stípami pri dverách. Z chalúpky hľadely do hôr dve malé   okienka ako také staré oči, ktoré už mnoho nevidia.
   </tei:p>
   <tei:p>
    Pred chalúpkou stála zafarbená lavička. Dobré to muselo byť drevo;   sedávala na nej babička kedysi ako mladá, pekná žena a na lone hraly   sa jej zprvu milované deti, potom už i vnúčatká. — Ach, bývalo kedysi   okolo chalúpky, ba i v nej netak živo. Neraz ľudia, keď prišli po   práci za hájnikom — dedilo sa hájnictvo u Mikulov s otca na syna —   neraz si hovorili: „Ľudia, kam sa toľkí popracete ľ Však sa tam   vnútri ani narovnať nemôžete!“
   </tei:p>
   <tei:p>
    No oni sa popratali, priam ako tie kuriatka, keď ich aj dvadsať   bude, pod kvočkine krídla. A takí vám vyrástli v tej chalúpke   šuhajci, ako pierko rozmarínové
   </tei:p>
   <tei:p>
    a dievky o ne trhali. A neviem, čo to bolo, čo nie, každý Mikula   dostal peknú ženu. Aj babička bola veru pekná. Však okrem tej krásy   iné s ňou aj tak Mikula nedostal; ale on do smrti nebanoval. Vedel,   že mu ľudia netak môžu závidieť; bola len jedna Betuška Mikulová,   Nuž, bývalo tu veselo, bývalo, ale čo by sa na svete nepominulo ľ   Rozišly sa deti, kam ktoré, dcéry za mužov, synovia po remeslách a už   sa nikto z nich domov nevrátil. Odniesli a odviezli raz starého   hájnika Mikulu do dediny. Veľký sprievod ho vyprevádzal, ale nedovezú   ho už nikdy babičke nazpät; zostala sama.
   </tei:p>
   <tei:p>
    dievčatá ako horské ľalie. Len sa tak mládenci
   </tei:p>
   <tei:p>
    5
   </tei:p>
   <tei:p>
    ﻿Prišla potom medzi ľudí taká choroba, akej predtým nebývalo;   ťahala každého preč od jeho milých ; nakoniec i najmladšiu dcéru   Mikulovej Aničku aj s mužom, a že mali viacej detí, nechala babičke   to najslabšie, aby sa mala čím potešovať. Nuž tak si babička vnúčatko   vychovávala, až jej už dnes bolo na dobrej pomoci a k potešeniu.
   </tei:p>
   <tei:p>
    Nemohla ho do školy posielať štyri hodiny daleko, no tak si ho   učila sama čítať a písať. Bola babička z dediny, otca mala múdreho;   dal si ju vyučiť v písme; aj pri deťoch aj pri vnukoch dobre sa jej   to zišlo, zvlášte pri malej Zuzanke. Dieťa bolo slabé, neskoro sa   učilo chodiť, aj až do desiateho roku skoro v chôdzi ustalo; nebolo   by mohlo ísť kus cesty a potom hodiny sedieť. A babička nemala preň   dosť na obuv a na šaty. Nuž tak, ked bolo Zuzanke dvanásť rokov,   vystrojila ju babička k svojej neteri do dediny; tam cez jednu zimu   chodila do školy a na vyučovanie; a po konfirmácii vrátila sa nazpät   k svojej babičke. Ako jej za ten čas chýbala! Za mladi vedela babička   pekne vyšívať; z daleka nosily jej ženy rukávce; učila tomu umeniu aj   vnučku; ale tu sa ukázalo, čo niekedy býva, že žiačka prevýšila   učiteľku. Napodiv to dieťa vyšívalo, ako by si ihlou maľoval. Aj   priasť vedela; napriadla čo ako tenkú nitečku; a v hore každú zelinu   poznala, len jej ju babička raz pomenovala. Dobre sa teraz babička s   vnučkou opatrovaly.
   </tei:p>
   <tei:p>
    Zuzanka vyšívala, babička si opatrovala tri ovečky,
   </tei:p>
   <tei:p>
    6
   </tei:p>
   <tei:p>
    ﻿kozičku, kŕdeľ sliepočiek, ba aj káčatká, však malý potok blízko.   Hora im vždy čo to darovala zeliny, korienky, ktoré babička sušila a   ženy si ich od nej, ktorá za múku, ktorá za strovu, zamieňaly;   jahody, maliny, hríby, skoré i neskoré, ale všeličo. Malý sádok okolo   chalúpky, veľmi dobre proti vetru chránený, každý rok zarodil, takže   mávali Mikulovci na celú zimu čerstvého i sušeného ovocia. Vlani, ked   inde ovocia nebolo, aj sa cele zaobuly a zaodialy z toho, čo za   hrušky a jablká dostaly.
   </tei:p>
   <tei:p>
    Babička, keď mala čas, už len pomaly priadla; chcela si vnučke   nachystať, aby táto nezostala bez plátna, áž raz ona oči zavre. Aj   dve pekné podušky jej už prichystala. Keď tak spolu v zime alebo aj v   lete vonku sedely, rada babička rozprávala vnučke o svojej mladosti a   o tom, ako tu spolu s deduškom v láske a svornosti žili. Neraz, keď   chcela vnučku pochváliť, povedala jej: „Devulienka moja, nezaprieš,   že si vnučka Mikulova; čo začneš, všetko sa ti darí; aj on bol taký,   všetko, ale všetko sa mu hodilo. Napriadol, natkal vlny čo bárs aký   tkadlec, hoc sa tomu remeslu jakživ neučil. Aj sebe aj chlapcom súkna   na háby vždy sám spravil, a to ináč trvalo, ako to, čo teraz chlapci   nosia. Trochu ponosíš, už sú lakte a kolená vonku. Mám ešte jeden kus   súkna, ten posledný, čo zhotovil; ešte si ho sám z valchy doniesol,   prv než ho choroba premohla. Neraz som ho už chcela zaniesť predať, a   nemôžem sa odhodlať, ked sa, chudák, toľko s tým natrápil, a   cudzí
   </tei:p>
   <tei:p>
    7
   </tei:p>
   <tei:p>
    ﻿by mal jeho mozole len tak od poly zadarmo dostať? Nuž neviem, čo   len ešte vyčká.“
   </tei:p>
   <tei:p>
    „Babičko, a tie šaty po mojom tatíčkovi prečo nepredáte ľ Keď oni   už nestroja sa vrátiť, tam ich jakživ nosiť nebudú!“
   </tei:p>
   <tei:p>
    „Keď aj to mi je Túto; sú celkom nové, len pár ráz ich mal v   kostole oblečené, a bol si to tiež kúpil od deduška z nášho súkna.   Vždy si len myslím, že ešte ktorý-ten príde. Či to potom ktorý   oblečie, neviem, keď oni sú už všetci popanštení, aj tvoj otec aj   strýcovia aj bratanci. No ako sa komu ľúbi; ale mne sa zdá, že boli   ináč k obrazu Božiemu podobní v tých otcovských šatách, ako dnes v   tých cudzích. Vnuci, keď už od malička tak rástli, už v tom vedia   chodiť, ale im to musí netak onakvo vypadať, keď sa do tých   škrobených košieľ ponavliekajú !“ „Babičko, a kto odišiel prvý do   Ameriky?“ „Náš najstarší chlapec Matej; a ten nám už potom aj   ostatných za sebou poodvolával. Je pravda, všade je zem Božia, ale ja   si neraz myslím: nasial Pán Boh toľko stromov v jednej hore, koľko   ich zem vládze vyživiť, aby nevyschly a iste aj toľko ľudí v jednej   krajine, aby ich tá krajina uživila. Prečo sa len ľudia s miesta na   miesto premávajú ľ Či je to tak Božia vôľa ľ Mne to tak pripadá, ako   keď matka deťom chleba podelí a oni si začnú krajíčky a smidky merať   a vyberať, ktorá je väčšia, miesto toho, čo by malý materi veriť, že   tá lepšie vie, koľko komu treba. Prečo, keď sme my vyžili v tej   otcovskej zemi, nemôžu vyžiť naše deti ľ Že
   </tei:p>
   <tei:p>
    8
   </tei:p>
   <tei:p>
    ﻿sú horšie časy, ako kedysi, to nie je pravda. Keď ~si ja dnes   napakujem už či nosákov s ovocím alebo s hríbami, alebo tú hydinu do   koša a predám, aj tri razy toľko donesiem, ako som kedysi doniesla.   Predávali sme 6—7 vajec za šesták, dnes v zime dostala som za päť   dva. Za tridsať grajciarov býval pár kureniec, a to už hodných; dnes   za jedno malé dostaneš päťdesiat grajciarov. Alebo tie jahody, keď   som ich predala za mladi hrnek, hodný za osem grajciarov, mala som na   soľ, dnes najmenej tridsať môžem za taký pýtať. Tak tomáš so všetkým.   Nebývalo nikdy toľko peňazí medzi ľuďmi, ako dnes, a predsa každý   kričí, že ich neni. Keby bolo spokojnosti, bolo by všetkého dosti.   Vychovala by táto otcovská zem svoje deti, keby jej neutekaly preč. A   to je to najsmutnejšie, že ten, ktorý odíde, už sa ani vrátiť   nechce.“
   </tei:p>
   <tei:p>
    Tak si babička čas po čase vnučke posťažovala a potom si zase   ďalej žily spokojne a veselo. No raz začiatkom jari prišiel už dávno   túžobne čakaný list od detí z Ameriky. Boly v ňom všelijaké zprávy,   zlé i dobré, miešané, ako to už býva, a medzi iným písal syn Matej:   „Nášho Jozefa napadla túžba ísť sa za Vami, mamičko, podívať; ani sa   nenazdáte, bude u Vás. Sme tomu radi, aspoň sa trochu vyrazí. Veľké   potešenie z neho mať
   </tei:p>
   <tei:p>
    nebudete, tak ako ho ani my nemáme, a je to škoda. Od istého času   ako by to ani on nebol. Snáď Vám,
   </tei:p>
   <tei:p>
    mamičko moja dobrá, skôr povie, ako nám. Tu to nie je tak, ako u   nás pod Plešivcom. Ked si pomyslím, ako
   </tei:p>
   <tei:p>
    9
   </tei:p>
   <tei:p>
    ﻿sme sa shfkli okolo Vás a každý si vyžaloval, Vy ste potešili,   tatíčko potrestali, ako kedy bolo treba. Hneď sme pomáhali Vám, hneď   sme robili s tatíčkom; vždy ste nás mali na očiach, aj my Vás. A tá   sloboda naša v tých horách! — Keď na to myslím, (bárs sme v slobodnej   Amerike), moje deti tak mi pripadajú, ako otroci. Je pravda, že si tu   človek veľa zarobí, ale zase aj veľa minie. Neraz som si už myslel:   Ach, keby som sa len raz ešte mohol napiť vody z našej studne a len   raz keby som si Vás ešte mohol vidieť, mamička moja! Už som si aj   myslel, že Vám pošlem lístok na loď, aby ste za nami prišli, že si   Vás doopatrujeme ; no keď sa podívam okolo seba, nemôžem to urobiť.   Vy by ste nám tu umreli bez našich hôr.“
   </tei:p>
   <tei:p>
    Vyplakala sa babička nad týmto listom; veľa ráz jej ho musela   vnučka čítať. Neraz si pri tom spomínaly vnuka, ktorý chcel prísť za   babičkou a ktorého sa babička mala opýtať, čo mu chýba. Zavierala ho   starenka od tej hodiny do srdca, no i do modlitby. Hoci takej   modlitby v knižke nebolo, ona si to vždy tam doložila.
   </tei:p>
   <tei:p>
    Milovala babička Boha, hovorievala o Ňom, že je dobrý, verila Mu,   že sa o ňu len On staral, aj starať bude. Dakedy sa jej zdalo, že by   mala o Ňom niečo viac vedieť; od mladi po tom túžievala, ale keď sa   tak aj zostarela a nikdy nepostretla človeka, ktorý by bol niečo viac   mal z tých Božích známostí, odkladala si zvedieť pravdu až za hrobom.   Ľudia, žijúci uprostred
   </tei:p>
   <tei:p>
    10
   </tei:p>
   <tei:p>
    ﻿prírody, nemôžu Boha necítiť, keď ich tak zôkol-vôkol krásnym   dielom svojím obklopil.
   </tei:p>
   <tei:p>
    Raz bol krásny májový podvečer; slniečko strojac sa zapadať objalo   ešte raz obrovské hory, starú pod nimi chalúpku, otočenú neveľkou   lúčinkou, na ktorej pásly sa bielučké ovečky; no všetky papršleky ako   by sa boly shrnuly vôkol tej dobrej, starej tvári starenky, stojacej   na chodníčku, zahľadenej do tienneho stromoradia.
   </tei:p>
   <tei:p>
    Čakala babička vnučku, ktorú bola do kostola vystrojila a ktorá sa   akosi neskoro navracala. Nevšímala si, že sliepočky pribehly za ňou z   húštia, upierajúc žiadostivé svoje očká k nej, ani že odviazala sa   kozička a zastala si tesno vedľa svojej gazdinej; i bielučké,   dlhoušaté zajačky stávaly na zadné nožičky a poplašené pasúcimi sa   ovečkami strečkovaly dupajúc zpät do chalúpky. Nad hlavou babičkinou   rozváňala ružovokvetá sladká jabloň. Aj v horách všetko voňalo jarom,   životom : kvety, trávina, zem, strom, skaly — všetko.
   </tei:p>
   <tei:p>
    Ba ako pripadal tento obrázok šuhajovi, ktorý, súc oprený o prvý   strom v hore, stál a díval sa naň ľ Mladá hora v seči ako by sa mu   chcela pokloniť, áno tie hory ako by ho vítaly: Vitaj, vitaj, dávno   ťa čakáme! Zvláštne dojatie prelietlo obličajom aj vzdor ohoreniu   pribledlým. Pohľad sviezol sa mu na starú chalúpku, meral ju očima,   ako by sa chcel opýtať, či tými nízkymi dverami dá sa vnísť do nútra.   V tom obzrela sa babička, oči sa im stredy a tie babičkine jak boly   staré, tak boly dobré. Nikto jej nepotreboval vysvetľovať, kto je
   </tei:p>
   <tei:p>
    11
   </tei:p>
   <tei:p>
    ﻿ten šuhaj s tou peknou mikulovskou tvárou, s tou štíhlou, po   pansky odenou postavou.
   </tei:p>
   <tei:p>
    „Joženko, prišiel si už?“
   </tei:p>
   <tei:p>
    Dve staré ruky výstrely sa oproti rýchlo pokročivšiemu. Jozef   Mikula, ktorého tam za morom ani matka, ani otec už dávno neobjali,   bo nikdy nebolo na to času, ucítil, aká je to dobrota, keď také staré   ruky objímajú a keď taký dobrý, starý hlas peknými slovami prezrádza,   že v tom starom srdci horí oheň, teplý oheň lásky.
   </tei:p>
   <tei:p>
    „Predsa som si vás teda našiel, babičko; no ako ste ma   poznali?“
   </tei:p>
   <tei:p>
    „Ako som ťa poznala ľ Ach, syn môj pekný, však si celý do našej   rodiny; kebys’ mal naše háby, nikto by nepovedal, že si tu pod   Plešivcom nevyrástol. No kade ideš ľ“
   </tei:p>
   <tei:p>
    „Idem zrovná od mesta; kúpil som si mapu, podlá nej prišiel som až   sem.“
   </tei:p>
   <tei:p>
    „Tak? No to je dobrá vec, kto sa takému niečomu rozumie; ale budeš   hladný, poďme skorej.“
   </tei:p>
   <tei:p>
    Netajil, že je hladný. Keď vnišli do čistučkej, chudobnej izbičky,   sadnul si za starý dubový stôl, za ktorým aj jeho dedo aj pradedo už   sedával. Babička, čerstvá ako jarabica, behala z kuchynky do komôrky   a do izby, snášajúc mu, čo bolo pri ruke. Čierny chlebíček, čerstvé   mlieko od kozičky, v pahrebe na rýchlo upečené vajíčka
   </tei:p>
   <tei:p>
    a na koniec ešte čerstvej vody, tej istej, po ktorej jeho otec tam   v cudzine tak túžil. Podoprel si zrazu čelo do
   </tei:p>
   <tei:p>
    12
   </tei:p>
   <tei:p>
    ﻿dlane a do srdca vtiahlo mu dač dosiaľ nepoznané. Celou dušou,   celým srdcom cítil, že prišiel domov.
   </tei:p>
   <tei:p>
    Divili sa ľudia veľmi, že dostala babička návštevu — vnuka z   Ameriky. Radi by vedeli, čo prišiel, i ako dlho sa zabaví, no on,   bárs aj nebol pyšný a prívetivo ľudom na otázky odpovedal, ked chceli   jedno-druhé z Ameriky vedieť, o sebe ani slovíčka nezačínal. Nuž, ked   bol taký mlčanlivý a cudzí ešte, sami sa ho spýtať nechceli.
   </tei:p>
   <tei:p>
    Mala babička trochu starosti, ako sa bude cítiť v tej ich   chalúpke, s ktorou všetky jej deti pohrdlyľ On sa spokojil, lóžu si   spravil na výške.
   </tei:p>
   <tei:p>
    „Nebudem vám nijako zavadzať, babičko,“ povedal jej, „len ma tu u   vás nechajte a majte ma trochu radi.“
   </tei:p>
   <tei:p>
    Ráno otvoril peňaženku, dal babičke sto korún: „Kúpte, babičko, čo   bude treba do komory; ale mne k vôli si nerobte žiadnej práce, ja som   všelijako zvyknul. A ešte bych vás prosil, či nemáte v dome nejaké   šaty po deduškovi? Chcel by som tu tak chodiť, ako oni chodievali.“ —   Ach, poradovala sa babička. Predsa len darmo zaťove šaty neodkladala,   ved boly Jozefovi ako uliate.
   </tei:p>
   <tei:p>
    „Daj si, synku, druhé ušiť, aby si mal aj na nedeľu.“ Darovala mu   i poklad po mužovi, roky schovávaný. Ked počul, že oboje súkno jeho   dedo zhotovil, pohladil ho a vôkol bezúsmevných rtov pohral mu prvý   raz úsmev.
   </tei:p>
   <tei:p>
    Nuž dostal i košele po ujcovi, babičkou napradené i ušité, i   všetko, čo treba, a ked sa poprezliekal, skoro by sa ho babička bola   naľakala, taký bol svojmu dedkovi
   </tei:p>
   <tei:p>
    13
   </tei:p>
   <tei:p>
    ﻿„Sú malé,“ hovorila mu, „ty nie si na také zvyklý.“ „Nezáleží   toľko na tom, koľké je okno, ale čo cezeň vidieť a aký vzduch ním   ide.“ Nechal okná byť, len ich pripevnil novými závesy; zato postavil   sporák v kuchyni a ten z izby vyňal; na miesto neho prišly nové, ale   iste staromódne kachle, nízke a hodne široké. Aj tie postavil sám a   lavičku okolo tiež sám spravil. Aj lavicu s operadlom opatril novými   nohami. Potom sa pustil do* strechy.
   </tei:p>
   <tei:p>
    Zuzanka bratancovi pri každej práci pomáhala. Kedykoľvek išiel   nakupovať, vždy jej niečo priniesol. Raz,, keď bol na jarmoku,   doniesol jej ztadiaľ dve knižočky.. „Čítaj, potom nám povieš, čo tam   bolo pekného.“
   </tei:p>
   <tei:p>
    Ale prešiel skoro týždeň, než konečne prišla Zuzanka k tomu, vziať   knižočku do ruky. Bola nedeľa. Babička išla do kostola, vnuk písal   listy a dievča sadlo si na novú lavičku pod jabloňou a čítalo. No čím   viac čítala
   </tei:p>
   <tei:p>
    podobný, priam ako keď tento kedysi chodieval za ňou ešte k jej   matke na vohľady.
   </tei:p>
   <tei:p>
    Prvé dni si obzeral hory, vyšiel na Plešivec, pomáhal tam potom   furmanom svážať siahy; mali veľmi zlú cestu.. No keď sa už dosť   poobzeral po tom krásnom Božom svete, dal sa obzerať i chalúpku. „Ona   je už taká chatrná ako ja,“ vzdychla si babička, „ale snáď ešte spolu   dodržíme“.
   </tei:p>
   <tei:p>
    „Musíme ju zreparovať, aby dodržala zároveň s vami – ste ešte   čerstvá, babičko.“ Zľakla sa, že bude chcieť nové okná dávať, keď sa   na ne díval.
   </tei:p>
   <tei:p>
    14
   </tei:p>
   <tei:p>
    ﻿tým vážnejšou stávala sa tá nežná tvárička; konečne skanuly slzy z   modrých očí na otvorenú knihu. „Čo plačeš, Zuzanka ľ“ oslovil ju   zrazu bratanec.
   </tei:p>
   <tei:p>
    „Ach, keď je to tu také smutné!“ rozplakalo sa dievča ešte viac.   Vzal knižočku. Mala na prvej strane obrázok. Muž v rozodranom rúchu,   na rukách i na nohách rany z tŕnia, nesie na ramenách malé, naľakané   jahniatko. „Vidíte, ujček (nazývala ho tak), tu je o ňom písané, ako   odišiel od veľkého stáda v horách, lebo sa mu jedna ovečka stratila.   Hľadal ju vo dne, hľadal v noci, ale dlho nájsť nemohol, preto že ona   pred ním utekala. Plakal, volal: „Ovečka moja, ovečka!“ Všetky šaty   si roztrhal, aj ruky a nohy. Neviem, ako je tam ešte ďalej, či ju len   našiel; ale mi ho tak bolo ľúto, však aj tej sprostej, zlej ovečky,   lebo ja viem, keby sa naša niektorá tak zatúlala, nikdy nepríde   domov, ak ju hľadať nepôjdeme. Prečítajte si to, ujček, prosím vás,   ja musím ísť pozrieť, aby kačice ďaleko neodplávaly.“
   </tei:p>
   <tei:p>
    Keď ho dievča tak pekne poprosilo, sadnul si šuhaj pod jabloň a   tak bolo okolo neho ticho, ani v nejakom veľkom kostole. Číta si on   históriu dobrého Pastiera; prečítal od začiatku po koniec, podoprel   hlavu do rúk a rozmýšľa. „Viem,“ povie zrazu s veľkým zármutkom, „že   je tu reč o Kristu; Ty si to ten dobrý Pastier, a tá ovca stratená   som ja, no po si už pomôžem ľ Ja sa za Tebou, Kriste, už viac   nedostanem; veď Ty mňa už hľadať nebudeš.“
   </tei:p>
   <tei:p>
    Domyslel, odložil knižku, vzal klobúk a išiel oproti
   </tei:p>
   <tei:p>
    15
   </tei:p>
   <tei:p>
    ﻿„A čo by som ti, syn môj pekný, mala rozprávať ľ Môj život je   priam ako tamten pramienok. Pán Boh ho vypustil, no tak tiekol   všelijako, všelikade, aj medzi ružami aj medzi tŕním, aj po zelenom   machu mäkúčko, aj po ostrých skalách; ale vždy bolo nebo nado mnou,   či slnko radosti svietilo, a či pršal dážď slz. Vieš, synku, keď sa   človek Pána Boha dokladá, keď sa ho nespúšťa, ani On nikdy svoje   stvorenie neopustí. Neraz som to v tých horách videla, idúc na hríby.   Keď bolo po búrke, také tie kvetinky ležaly polámané, hlienom   zalepené, myslíš: Už je po nich — a o niekoľko dní ožily, zdvihly sa,   kvitly. Nedá Pán Boh svojmu stvoreniu zahynúť. Keď mu aj ktorú tú   haluz alebo lístok odlomí, to všetko len z lásky. Som len sprostá   osoba, od koho sprostejšia, od koho múdrejšia, ale to viem a v srdci   svojom cítim, že Pán Boh všetko stvoril a zdržuje z lásky. Neraz som   tú Jeho lásku zakúsila, aj Jeho potešovanie!“
   </tei:p>
   <tei:p>
    „Babičko, a ako to bolo, keď ten váš potôčik tiekol medzi ružami?“   opytuje sa šuhaj a hradí pri tom na prameň, ktorý z neďalekej skaly   žblunkajúc vyviera a tečie medzi vencami nebesky modrých nezábudiek a   slnečné žltého záruilia. „Bolo to vtedy, keď ste žili ešte ako malá u   svojho tatíčka ľ“ — Dobrý úsmev ožiaril starú tvár ženinu; pohladila   vnuka po hustých gaštanových vlasoch. „Tak ako tamten potôčik tie   nezábudky obras-
   </tei:p>
   <tei:p>
    babičke. Stretli sa v húšťave Lazovskej; sedela na pni a   odpočívala. Sadnul si k jej nohám. „Babičko, rozprávajte mi niečo zo   svojho života.“
   </tei:p>
   <tei:p>
    16
   </tei:p>
   <tei:p>
    ﻿tajú, tak je to s tým naším detstvom, ktoré sme u rodičov prežili;   už či bolo dobré, alebo smutné, nikdy naň človek nezabúda, no vtedy   ešte ruže nekvetávajú. Tak aj ten môj potôčik vtedy začal medzi   ružami tiecť, ako som raz išla na jarmok a viedla cez Lazy našu   kravičku. Naraz stretla som tam tvojho deduška. Ked sa, syn môj   pekný, na teba pozriem, vždy mi moja mladosť napadne. Však sa mu len   velmi podobáš! Ale on nebýval taký smutný. Rád sa zasmial; lebo   vtedy, ked k nám chodieval, dokiaľ si ma pod Plešivec nedoviedol, aj   jeho potôčik medzi samými ružami tiekol!“ —
   </tei:p>
   <tei:p>
    „Dosť dlho áno, synku; no počuješ, ako tie vtáčatká spievajú ľ Ako   by nespievaly ľ Je jaro a majú sa rady. Ale v žatve už ich spievať   nepočuješ; no preto sa ešte radšej majú, hoci prídu pre nich   starosti. Tak bolo aj u nás; ale sme sa preto, chvála Bohu, vždy   dobre mali, neraz aj o suchom chlebe. Už nám tá náša cesta zo dňa na   deň spolu išla v zlých aj v dobrých hodinách. Co jedného tešilo,   tešilo oboch a nikdy nebolelo len jedného. Však to tak má byť, synku;   na to Pán Boh jedného človeka pre druhého stvoril.
   </tei:p>
   <tei:p>
    No ja len rozprávam, rozprávam; kedy ty, synáčik môj, začneš   rozprávať mne ľ Bárs sme si už privykli, ako by si odjakživa u nás   bol rástol, ešte si mi ani len slovíčka o sebe nepovedal.“
   </tei:p>
   <tei:p>
    „Nepýtajte sa ma, babičko,“ zakryl si šuhaj rukou oči, snáď aby mu   starenka nevidela tvár. No ona predsa
   </tei:p>
   <tei:p>
    „A potom už nie, babičko, už nie ľ“
   </tei:p>
   <tei:p>
    17
   </tei:p>
   <tei:p>
    ﻿videla, že ho srdce bolí, a myslela, že niekedy je dobre takú   boľačku slovom prepustiť; vytečie a odľahčí sa.
   </tei:p>
   <tei:p>
    „Syn môj, prečo by si starej žene nepovedal ľ Je to pravda, čo   jedna pieseň hovorí:
   </tei:p>
   <tei:p>
    a ústa tvojej babičky dnes-zajtra zavrie smrť na desať   zámkov.“
   </tei:p>
   <tei:p>
    „Ach ešte nie, babičko,“ stisnul šuhaj ruky starenkine v svojich,   „nuž a keď chcete, poviem vám, čo ma postretlo na svete, čo som   prišiel pochovať do otčiny. — Máte pravdu“, z hlboká vzdychol šuhaj,   sadnul celkom k nohám starenkiným, „nezabudne človek svojho detstva,   už či bolo dobré, alebo zlé, povedali ste; to moje dobré nebolo.   Tatíčko nemali pre nás deti nikdy času. Cez cely týždeň len pri jedle   a v noci sme ich videli. Pri nedeli buďto sa sišli známi k nám, alebo   oni išli medzi nich. Mamička celé dni len varili, aj pre nás aj pre   stravníkov, a prali, a my deti, čo sme malý robiť? Tlkly sme sa po   uliciach mesta a učily všetkému zlému. Potom sme chodily do školy;   zvlášte ja ešte menej som rodičov vídaval. Neraz, babičko, tak som si   žiadal, aby ma mamička pohladili, alebo bozkali, alebo tatíčko aby sa   so mnou trochu porozprávali. Keď niekedy, čo sa nečasto stalo, dali   sa vzdychať za domovom a opisovať,
   </tei:p>
   <tei:p>
    „Ej, lepšie na doline, ako na rovine; hora ma počuje, nič   nevyžaluje,“
   </tei:p>
   <tei:p>
    18
   </tei:p>
   <tei:p>
    ﻿ako oni v horách rástli, až som tie slová tak hltal. Už za mala   som si sľuboval: Musíš tie hory raz vidieť, musíš ! Ach, u nás nebolo   nikdy času milovať, hoc však todičia moji boli poriadni a dobrí na   nás. Statočne sa trápili, aby nás vychovali. Ostatní moji bratia a   sestry už im koľko-toľko aj vynahradili ich ustávanie, len ja ešte   nie. Chceli, aby som školy vychodil a stal sa lekárom ; nuž, tak som   mal sám so sebou dosť práce, aby na mňa nakladať nemuseli, zvlášte   ked som prišiel do vyšších škôl. To je v Amerike dobre, že zdravý   človek mnoho si môže zarobiť za krátky čas. Tak aj ja v prázdninách   vždy som si toľko zarobil, čo mi bolo dalej treba.
   </tei:p>
   <tei:p>
    Nuž, a ked som už skúšky poskladal i trochu pracoval v svojom   povolaní, prv než sa riadne dakde osadím, chcel [som si túžbu detstva   vyplniť, a tak ma tu teraz vidíte, tu pri vašich nohách.“ Šuhaj   stíchnul.
   </tei:p>
   <tei:p>
    „Čo povieš, synku“, zalomila starenka rukami, „ty že si doktorské   školy vychodil? A vedel by si už aj ľudí liečiť ľ“ Šuhaj sa usmial.   „Podarilo sa mi už viacej dosť ťažkých prípadov vyliečiť, tým som si   aj na cestu zhospodáril.“ „Nedarmo sa mi, synku, zdalo, že si ty   akýsi naozajstný pán; no ako ty tu môžeš v tej našej chudobe privykať   ľ“
   </tei:p>
   <tei:p>
    „Verte, babičko, nebolo mi ešte nikde lepšie, ako teraz u vás.   Jedlo máme to najzdravšie, vodu dobrú, vzduch kráľovský a vy ma máte   radi; všakver ma máte radi?“
   </tei:p>
   <tei:p>
    19
   </tei:p>
   <tei:p>
    ﻿„Ba ako sa tak môžeš pýtať, synku ľ Však vidíš, cítiš, že si mi   milý ako moje vlastné dieťa!“
   </tei:p>
   <tei:p>
    „Cítim, babičko.“ Vnuk položil si hlavu starenke do lona. Ach, čo   ho len tak trápilo, čo to prišiel pochovať, nepovedal; nemala   smelosti mu pripomenúť. „No keď si ty doktor“, začínala radšej ďalšiu   rozprávku, „snáď si sa nedávno aj zasmial, keď ženy boly u mňa na   radu a ja som im ktorúsi tú zelinu dávala !“
   </tei:p>
   <tei:p>
    „Ba nezasmial, obdivoval som vás, babičko, a chcel poprosiť, aby   ste ma naučili všetky vám známe zeliny poznávať, aj ich liečivú   moc.“
   </tei:p>
   <tei:p>
    „Rada, synku; lebo nevie človek, čo kedy môže potrebovať, a čo ja   poznám, všetko mám aj skúsené, i to je od Boha dar.“
   </tei:p>
   <tei:p>
    „Zajtra strojily ste sa ísť na zeliny; pôjdeme spolu, no už snáď   aby sme išli domov, oba sme hladní.“
   </tei:p>
   <tei:p>
    (Veru áno, a aj Zuzanka aby sa nestarala.“
   </tei:p>
   <tei:p>
    Od toho dňa nechodila už babička sama korienky a zeliny hľadať,   chodili spolu s vnukom. „Do smrti sa človek učí“, tešila sa starenka,   keď vnuk posial jej samej neznáme zeliny ukázal a povedal, akú zase   ony majú moc, zlú alebo dobrú. Čo ona rozprávala, to si vnuk do   knižočky vpisoval a všade si aj ten korienok a tú bylinku nakreslil.   Doma, keď prišli, varil všelijaké lieky, učil babičku aj Zuzanku, k   čomu je ktorý dobrý. Doniesol si z mesta väčšie i menšie fľaštičky,   popísal na ne, koľko kvapôk treba užiť proti všelijakým nemociam.
   </tei:p>
   <tei:p>
    20
   </tei:p>
   <tei:p>
    ﻿Nedovolil babičke ženám prezradiť, že je učeným lekárom, len toľko   smela povedať, že zná aj on ľudom pomáhať, ked prišli k nej na radu.   No boly toho čo chvíľa plné všetky kopanice. Povedali si to ľudia na   jarmoku. Ktorý-ten rozprával, ako mu liek osožil, a začali so   všelijakými boľačkami chodiť. „Ej, ej“, chválily si ženy, „ten vám   zná všetko; len sa na človeka podíva, už vie, čo mu chýba, a   povypytuje sa čo bárs aký doktor.“ Ešte sa len jahody červenať začaly   a už celé procesie chodily pod Plešivec.
   </tei:p>
   <tei:p>
    „Počuj, synku, nedobre to robíš,“ starala sa babička; .dozvedia sa   o tebe doktori, veru ti spravia ostudu.
   </tei:p>
   <tei:p>
    Prečo tým ľudom nepovieš pravdu?“ „Nebojte sa, babičko, a len ma   nechajte. Liečim zadarmo; a keby ma brali na otázku, ukážem svoje   listiny a poviem, že som sa chcel svojim krajanom zavďačiť behom   svojich prázdnin ; nikto mne ani vám mrzutosti nespraví. No, aby ste   sa nebáli, keď pôjdem po prvý raz do mesta, predstavím sa tamojším   lekárom a lekárni a poprosím, aby ma nezrádzali a aby ma nechali na   pokoji.“ Nuž prestala babička so starosťami; videla, že vnuk ožíva,   že sa častejšie usmeje. Dobre robiť ľudom, to bol liek na boľačky   srdca.
   </tei:p>
   <tei:p>
    Priznala sa bola Zuzanka, že by ona rada viacej vedela, ako vie,   nuž bratanec aj ju si vzal na starosť. Každý deň učil dievča lepšie   čítať, písať a rátať. Doniesol jej školské knihy, naložil úlohu.   Dievča učilo sa rado a dobre, bárs len dve hodiny denne pri tom   strávilo,
   </tei:p>
   <tei:p>
    21
   </tei:p>
   <tei:p>
    ﻿že malo už rozum vyvinutý, pekne doháňalo, čo bolo pri ňom   zameškané.
   </tei:p>
   <tei:p>
    Raz ako tak babička s vnukom horami kráčali, šuhaj nošku na pleci,   nosák v ruke, starenka len uzlík hríbov prevesený, pozrela zrazu   babička na vnuka, do tej jeho peknej, chôdzou zrumenelej tváre.   „Počuj, Joženko, čo by tí tvoji páni spolužiaci povedali, keby ťa   takto videli?“
   </tei:p>
   <tei:p>
    „Nič, babičko; v Amerike sa, chvála Bohu, žiaden za prácu nehanbí.   Veľmi by sa divne pozreli, keby vás, starú osobu, videli s tou nošou   kráčať a mňa bez nej s vami. Za morom sú len dva rozdiely: silní —   slabí, bohatí — chudobní. Mala Amerika veľmi dobrých a slávnych   prezidentov, to je tam toľko, ako tu kráľ, ktorí sa z veľmi   chudobných chlapcov až tak vysoko dostali. Aj ten rozdiel je tam ešte   patrný: múdri a sprostí.“
   </tei:p>
   <tei:p>
    „No však to všetko je aj tu, práve preto ja som stará, sprostá   žena.“
   </tei:p>
   <tei:p>
    „Nie, nepripustím, vy ste nikdy sprostá neboli, len podľa súdu   sveta neučená; ale ani to neobstojí, ved vás život mnoho, mnoho   naučil, viac ako nejedného z kníh učeného človeka. Kto sedemdesiat   rokov prežil na zemi a vždy bol šťastný v zlých i dobrých hodinách,   kto muža, deti, vnukov vedel oblažiť, — k tomu tisíce ľudí múdrych,   ale nešťastných, malo by ísť do školy!“
   </tei:p>
   <tei:p>
    „To nepripustím, babičko!“
   </tei:p>
   <tei:p>
    „Ale, synku!“
   </tei:p>
   <tei:p>
    „Ej. ej, synku, pekne ti ďakujem, tak ma ešte nikdy
   </tei:p>
   <tei:p>
    22
   </tei:p>
   <tei:p>
    ﻿nikto nepochválil, ani môj Matej nie. Naposledy povieš, že aj ty   chodíš ku mne do školy.“
   </tei:p>
   <tei:p>
    „To môžem s dobrým svedomím povedať.“
   </tei:p>
   <tei:p>
    „Nuž dobre, synku, ale čo ja teba môžem naučiť?“
   </tei:p>
   <tei:p>
    „Zabúdať na seba, žiť pre druhých a spokojiť sa so všetkým, tak   ako to príde.“
   </tei:p>
   <tei:p>
    „To všetko len Pán Boh môže naučiť, Joženko. Lež prečo by si ty   musel zabúdať na seba ľ Nepovieš mi ľ Onehdy tam v horách si začal,   ale neprišiel si až potiaľ, kde leží grunt tvojho smútku.“
   </tei:p>
   <tei:p>
    „Načo vám to vedieť, babičko? Vám tým neosožím, sebe nepomôžem. —   Čo sa zlého stalo, už sa neodstane, a čo je stratené na vždy, na to   radšej ani nemyslieť.“
   </tei:p>
   <tei:p>
    „Ale ty, syn môj pekný, myslíš, a to deň jak deň; ver mi, uľahčíš   si, ked starej svojej babičke povieš pravdu. Niekedy, ked má človek   nad čím plakať, uľaví sa mu, keď druhý s ním zaplače.“
   </tei:p>
   <tei:p>
    „No tak si sadnite, babičko, a odpočiňte si zatiaľ, než vám poviem   príčinu svojho nešťastia. Viete, babičko,“ hovorí po chvíľke, ked už   na briežku sedeli, majúc okolo seba tie šíre slovenské hory, ktoré   nič nevyzradia, „až odkedy som tu u vás a každý deň počujem Boha   spomínať a všetko len jeho riadeniu pripisovať, otvárajú sa mi oči,   takže poznávam hlavnú príčinu svojho nešťastia.“
   </tei:p>
   <tei:p>
    „To je, synku, dobre; ked človek poznal chorobu, ľahko potom   boľačky liečiť.“
   </tei:p>
   <tei:p>
    „Moju len Jeden vyliečiť môže, a Toho som si rozhneval,“ Šuhaj si   podoprel hlavu do rúk, bola mu ťažkä.
   </tei:p>
   <tei:p>
    23
   </tei:p>
   <tei:p>
    ﻿V horách stíchlo, len na neďalekom strome klopal datel.
   </tei:p>
   <tei:p>
    „Počujete toho vtáka, babičko ľ Tak klopal raz na moje srdce Ježiš   Kristus, ale ja som Mu otvoriť nechcel. Viete, babičko, tam v Amerike   ako je mnoho bezbožnosti a všeličoho, nad čím by ste vy iste   zaplakali, tak je zase aj mnoho ľudí, ktorí Syna Božieho ináč znajú,   ako vy Ho tu znáte, a nie je im na tejto známosti dosť, oni aj iných   volajú k Nemu. Raz bolo medzi nami študentami také shromaždenie ľudí;   sišlo sa nás asi 2000 všelijakej národnosti. Ten, ktorý nás prišiel   volať, slúžil Kristu a celý svoj život v tej službe Jeho vynakladal.   Mnohí uverili jeho kázaniu, složili bremeno svojich hriechov ku krížu   na Golgate. Aj ja som tak učinil. Tú radosť, ten hlboký pokoj, ktoré   v srdci mojom potom zavládly, opísať vám nemôžem. Nič ma viac od Boha   nedelilo. No kazateľ žiadal nás potom, aby sme sa celí odovzdali   Kristu; vyzýval všetkých, ktorí chcú cez celý život slúžiť Jemu,   Synovi Božiemu, aby* sa prihlásili v ten čas. Vôkol mňa, pred i za   mnou vstávali mnohí. Ako zvuk hromu znelo okolo mňa: „Sľubujem, že   hotový som vstúpiť v službu Kristovu, kedykoľvek ma zavolá a   kamkoľvek ma pošle. Amen.“ Vo mne všetko schladlo, bo ja som sľúbiť   nemohol.“
   </tei:p>
   <tei:p>
    Šuhaj prešiel si rukou cez husté vlasy. „Ach, babieko, aj mne   vtedy, tak ako môjmu deduškovi, ked za vami chodievali, prekvitaly v   srdci ruže. Vedel som, že dievčina, ktorú veľmi, áno, nadovšetko som   miloval, so mnou nepôjde, a radšej bol by som zomrel, ako ju   stra-
   </tei:p>
   <tei:p>
    24
   </tei:p>
   <tei:p>
    ﻿tiť. A tam, babičko, tam leží základný kameň môjho nešťastia i   zármutku. Vzoprel som sa Duchu Svätému, neposlúchnul som Pána Ježiša,   ked ma volal; no tak On odišiel, ale s Ním odišla i moja radosť a   pokoj. Abych nemusel poslúchnuť, nešiel som viac do podobného   shromaždenia. Umienil som si, že sa zachránim bez úhony, že budem   Bohu slúžiť pri nemocných ľudoch. Aj som tak činil, nakoľko len bolo   možné, ale pokoj mi to neprinieslo.“
   </tei:p>
   <tei:p>
    Šuhaj zamlknul; v horách stíchlo. „Synku môj pekný, a čo je s   tvojou milou ľ“ smutno spytuje sa starenka; divno, akási tieseň   zaľahla jej na srdci.
   </tei:p>
   <tei:p>
    „Nemám žiadnej, babičko.“
   </tei:p>
   <tei:p>
    „Povedz mi všetko, Joženko môj, ako to bolo ľ“
   </tei:p>
   <tei:p>
    „Ľahko dä sa dopovedať: milovala druhého. Chodievali sme k jej   rodičom dvaja; len jednému mohla náležať. Je pravda, že zpočiatku   sama seba klamala, a tak i mňa. Ach, ja som si bol tak istý; ked som   sa stal lekárom, išiel som sa jej hneď spýtať, či bude sdieľať so   mnou môj život, no ona mala už prsteň na ruke. Bol som len rád, že   okrem nás dvoch nikto o ničom neznal. Rodičia sa mi divili, čo sa so   mnou stalo. Vysvetliť im svoje veľké nešťastie som ani nemohol, ani   nechcel, no tak som im povedal, že túžby detstva pôjdem splniť. A tu   ma máte, babičko; a už sa ma, prosím vás, na ňu nikdy nepýtajte.   Zabudnúť nemôžem, milovať nesmiem; je už ženou druhého.“
   </tei:p>
   <tei:p>
    „Neboj sa, synku, dobre si urobil, že si odišiel, tu
   </tei:p>
   <tei:p>
    25
   </tei:p>
   <tei:p>
    ﻿medzi nami len predsa skorej zabudneš; bárs sa ti to dnes zdá   nemožné, dá to milostivý Pán Boh. Ale o tom slúžení Kristu nemohol by   si mi niečo ešte povedať ľ Že oni tam ináč Syna Božieho znajú, si   hovoril. Ver mi, synku, od mladosti sa mi vždy zdalo, že by som Ho   mala aj ja akosi lepšie znať.“
   </tei:p>
   <tei:p>
    „Viete, babičko“, pohladil šuhaj ruky starenkine, „vy, ako vás   učili, len Boha Otca spomínate, veríte v Neho, máte Ho radi a ste Mu   poslušná. Viete aj, čo za vás obetoval, vlastného Syna, pravda?“
   </tei:p>
   <tei:p>
    „Áno, synku, tomu verím, že Kristus Pán za mňa umrel a že pre tú   Jeho smrť odpustí mi po smrti moje hriechy a naloží so mnou podlá   Svojej svätej vôle.“
   </tei:p>
   <tei:p>
    „Nuž, babičko, tak aj mňa učili rodičia veriť, ale to neni dosť.   My nie len veriť máme v Ježiša usmrteného, ale v toho, ktorý vstal a   žije s nami deň jak deň.“
   </tei:p>
   <tei:p>
    „Synku, však aj ja verím, že v tretí deň vstal z mŕtvych.“
   </tei:p>
   <tei:p>
    „No tak verte aj, že žije s vami tam vo vašej chalúpke. Ja som až   vtedy poznal, že žije, ked som k Nemu prišiel, hriechy svoje všetky   mu priniesol a keď On mi ich odpustil.“
   </tei:p>
   <tei:p>
    „Že ti ich odpustil ľ“ krútila starenka hlavou. „To nerozumiem;   však som neraz už bola pri svätej spovedi, aj som tomu všetkému   verila, čo tam hovorili;. ale že bych bola istotne mohla povedať, že   mi už všetko odpusti), to ešte nikdy nie.“
   </tei:p>
   <tei:p>
    26
   </tei:p>
   <tei:p>
    ﻿„Nezabudnite, babičko, že ja patrím medzi tých neverných, o   ktorých stojí v tej strašnej pesničke: „Nešťastní, čo pre sveta   márnosť Krista sa navždy zbavili“ ; ja vám to dobre vysvetliť   nemôžem, ale však máte v dome Bibliu, budem vám z nej každý deň čítať   a nájdem vám všetky tie miesta, ktoré o tom hovoria. Snáď nájdem aj   sebe ešte nejakú nádeju. No, poďme,, už sme ďaleko.“
   </tei:p>
   <tei:p>
    „Máš pravdu, Joženko, no ja by som ťa aj do noci počúvala.“
   </tei:p>
   <tei:p>
    Od toho dňa v chalúpke Mikulovej so svätým Písmom započínali aj   končili deň. Nevedela sa starenka načudovať, keď jej vnuk tie sväté   pravdy Božie čítal. „Ako je to len možné, že sme tú svätú knihu v   dome mali, toľko dobrých vecí tam bolo, a my sme ich nehľadali ľ“   opakovala často vnučke. Zuzanka sedávala ticho, ako pena, ani očí s   bratanca nespúšťajúc, už či čítal, alebo otázky babičkine   zodpovedal.
   </tei:p>
   <tei:p>
    Raz v nedeľu podvečer sedeli pred chalúpkou; slniečko strojilo sa   zapadať, a okolo nich bolo také sväté ticho,, ani v dajakom nádhernom   kostole. Šuhaj mal otvorenú Bibliu na kolenách, hľadel na tie zlaté   papršleky slnečné, ako stlaly sa po horách, padaly do doliny a   polievaly všetko tekutým svetlom.
   </tei:p>
   <tei:p>
    Tam v doline zvonily zvony na večer a tu v seči okolo potoka   spievalo vtáctvo večerný chválospev. „Ujček“, ohlásila sa v tom   Zuzanka, ktorá nemohla zvyknúť, aby bratanca len tak menom   pomenovala, — „ujček, to je
   </tei:p>
   <tei:p>
    27
   </tei:p>
   <tei:p>
    ﻿tak, ako v tej mojej knižočke; aj tam v nebi iste tak zvonili a   taký bol spev, ked ten Pastier tú ovečku svoju našiel! Nemohli by ste   nám to z Biblie prečítať ľ“
   </tei:p>
   <tei:p>
    Odtrhnul pohľad od diaľky, prehrnul listy, našiel evanjelium   Lukášovo pätnástu kapitolu a čítal: „Kto z vás je taký človek, ktorý   má sto oviec a stratiac z nich jednu, nezanechá tých deväťdesiatdeväť   na púšti a neide za tou stratenou, dokiaľ jej nenájde ľ A ked ju   nájde, vezme ju na plecia a raduje sa. A ked príde domov, svolá   priateľov a susedov a povie im: Radujte sa so mnou, lebo som našiel   svoju ovcu, ktorá sa bola stratila.
   </tei:p>
   <tei:p>
    Hovorím vám, že tak bude aj v nebi väčšia radosť nad jedným   hriešnikom, činiacim pokánie, ako nad deväťdesiatdeväť spravodlivými,   ktorí nepotrebujú pokánia.“
   </tei:p>
   <tei:p>
    „Však ste počuli, babičko!“ odhrnul šuhaj vlasy s čela. „Ten   pastier mal sto oviec; jedna sa mu stratila, nechal tých   deväťdesiatdeväť v dobrej opatere a išiel tú stratenú hľadať; a ked   ju našiel, nebil ju, ale vzal na ramená, zaniesol domov a veľmi sa   radoval a chválil sa susedom a priateľom, že našiel svoju   ovečku.“
   </tei:p>
   <tei:p>
    „To však rozumiem, ale tie punkty čo ukazujú ľ Čo to Syn Boží pod   tým myslel?“
   </tei:p>
   <tei:p>
    „Ach babičko“, ohlásila sa vnučka, „však ten pastier, to je On,   Syn Boží, a tie ovečky stratené, to sme my. On prišiel, aby hľadal a   spasil to, čo bolo zahynulo, čo sa Mu stratilo.“
   </tei:p>
   <tei:p>
    ,Synku, ako sa to má rozumieť ľ“ vzdýchla babička.
   </tei:p>
   <tei:p>
    28
   </tei:p>
   <tei:p>
    ﻿„Aj to rozumiem, deti; ale to nerozumiem, čo to znamená, byť   strateným, a ako to Syn Boží človeka hľadá a nájde?“
   </tei:p>
   <tei:p>
    Pred chalúpkou stíchlo; len hory hraly a celá príroda spievala   chválospevy Tomu, pre ktorého, skrze ktorého a ktorým je všetko.
   </tei:p>
   <tei:p>
    „Keď som včera sbierala jahody“, začalo zrazu dievčako rozprávať,   „myslela som na to, že Pán Ježiš, Syn Boží, je všade, a tak sa mi   zdalo, že On je ten pastier a ja tu v tej seči tá zatúlaná ovečka.   Hovorila som si pred tým tú výpoveď, ktorú ste sa mi dali učiť: „V   dome môjho Otca je mnoho príbytkov; keby nebolo tak, povedal by som   vám to; lebo vám idem prihotoviť miesto a keď odídem a prihotovím vám   miesto, prídem zase a poberiem si vás k sebe, aby ste tam, kde som   ja, aj vy boli.“ Myslela som, že tam, kam On odišiel, musí byť veľmi   krásne a prišlo mi veľmi ľúto, že ja tam nepristanem. Neraz som bola   zlá, neraz som vás, babičko, neposlúchala. Ach, ujček, tak mi bolo   úzko 1: Abych sa potešila, vytiahla som si tú vašu knižočku. Tá   ovečka tiež bola zlá; ona utiekla, neposlúchala, a ten pastier ju   predsa išiel hľadať. Kľakla som si a poprosila som Ho, aby aj mňa   hľadal, aj mne odpustil a —“ Zuzanka postála zahľadená do hôr.
   </tei:p>
   <tei:p>
    „A čo, Zuzanka, On ťa počul, pravda, a našiel, On vzal si ťa na   svoje ramená, či áno?“ Hlas šuhajov sa ztriasol, ako by mu aj radosť   aj žalosť srdcom zachvela.. „Áno, ujček, ja viem, že On ma   našiel.“
   </tei:p>
   <tei:p>
    29
   </tei:p>
   <tei:p>
    ﻿Dievčatko zazrelo kozičku, že sa zamotala do povrazu, ktorým bola   o rohy k plotu priviazaná; bežalo tam. Babička, indy tak pečlivá, o   zvieratká svoje starostlivá, ako by to ani nevidela. „On ma našiel“,   zvučalo vôkol nej. Vnuk ju v myšlienkach nemýlil, mal sám dosť čo   myslieť. Ach, tak išiel aj on raz, tak niesol aj jeho ten dobrý   Pastier. Aj on vedel, že ho prijal, že mu odpustil, že medzi ním a   svätým Bohom nič nestálo, nič ho od Neho nedelilo. A dnes — a teraz!   Nikdy tá veľká, vecná strata tak pred ním nestála, ako v tejto   chvíli. „Veď príde chvíľa, — ach, keby bola už dnes, keď ten   ukrižovaný, z mŕtvych vstalý, na nebo vstúpivší Ježiš tak príde, ako   sľúbil: a poberie svoje ovečky so sebou. Co bude vtedy s tebou, duša   moja ľ“
   </tei:p>
   <tei:p>
    „Babička, nemám ešte založiť ľ Chceli ste variť polievku“,   zavolala v tom Zuzanka, vrátila aj babičku aj vnuka z tých hlbokých   myšlienok.
   </tei:p>
   <tei:p>
    „Áno, dcérenka moja, sprav oheň, hneď prídem“, prisvedčila   starenka, a keď dievča zmizlo v chalúpke, uprely sa staré, dobrotivé   oči tak akosi ľútostivé v tvár šuhajovu. „Joženko, myslíš, že je to   pravda, že On ju počul a prijal?“
   </tei:p>
   <tei:p>
    „Veríte, babičko, že je Kristus Boh, a že je všade prítomný a   vševedúci?“
   </tei:p>
   <tei:p>
    „To verím, synku.“
   </tei:p>
   <tei:p>
    „Veríte, že je aj tu, že nás počuje ľ“
   </tei:p>
   <tei:p>
    „Tomu som dodnes ešte neverila, lebo som tomu akosi nerozumela;   ale však to všetko stvorenie má Ho
   </tei:p>
   <tei:p>
    30
   </tei:p>
   <tei:p>
    ﻿pri sebe. Neraz som myslela, ked tak rosa na lúkach ležala a slnko   svietilo, že sa v tých kalíškoch vzhliada Božie oko. No kde je v   svätom Písme o tom istý doklad ľ“
   </tei:p>
   <tei:p>
    „Ach, babičko, prv než odišiel do neba, či nám nepovedal: Hľa, ja   s vami som po všetky dni až do skonania sveta?“
   </tei:p>
   <tei:p>
    „Áno, pravdu máš, to tam stojí, a nebo a zem pominú, ale Jeho   slová nepominú.“
   </tei:p>
   <tei:p>
    Babička vstala a vošla za vnučkou. Ale ked asi po pol hodine   odpočívaly už na lôžku, dala si starenka ešte raz vnučke rozprávať,   ako to bolo, ako našiel dobrý Pastier svoju ovečku.
   </tei:p>
   <tei:p>
    „Vás však, pravda, už dávno našiel, babičkoľ Vy ste boli vždy   dobrá; vy ste Ho nehnevali, ani ste nikdy nehrešili?“ spytovalo sa   dievča už na polo vo sne. Babička nedala odpovedi; ona, ako to už pri   starých ludoch býva, tej noci ani oka nesotkla, a ako tak ležala s   očima zavrenými, videla ešte raz pred sebou celý svoj život. Nebolo v   ňom veľkých, do očí bijúcich hriechov, a predsa, keď sa pred svätého   Syna Božieho postavila, ked si premyslela, že On vždy všetko videl,   vedela zrazu, čo je to, byť strateným, a že zrovná tak, ako jej   vnuci, potrebuje, aby ju Pán Ježiš hľadal, aby jej odpustil. Napadaly   jej zrazu slová, ktoré vždy, ked išla ku spovedi, počúvala:   „Budeme-li vyznávati hŕíchy své, vérnýť jest Buh a spravedlivý, aby   nám odpustil hŕíchy a očistil nás od ■všeliké nepravosti.“ Dnes im   rozumela, a ked im du-
   </tei:p>
   <tei:p>
    31
   </tei:p>
   <tei:p>
    ﻿chom porozumela, išla, prosila, uverila a vzala odpustenie a   očistenie a s blaženým pocitom hlbokého pokoja zavrel nad ránom sen   pekné oči starenkine, ktorá so Simeonom smela zvolať: „Moje oči   videly Tvoje spasenie !“
   </tei:p>
   <tei:p>
    Keby aj len po kvapkách voda odtekala, ked bude mať dobrý spád, aj   veľká rieka odtečie, a ked aj len po hodinách dni utekajú, predsa sa   to krásne jaro a utešené leto v horách pominie. No ony sú vždy pekné,   tie naše slovenské hory, aj keď prezlečú na seba rúcho jesenné,   červenožlté, ružovozelené, kávové, zlatošedivé, ba aké len chceš   farby, takým je lístím hora pokrytá. Z kapradiny utvorila jeseň celé   háje pre víly a trpaslíkov. Pavúci pradú zlaté nite babieho leta.   Všetky živočíchy z bohatstva zeme, rôznym ovocím hore i dolu   pokrytej, zásobujú sa na zimu spolu s ľuďmi, ktorí jeden cez druhého   donášajú a dovážajú, čo cez rok z Božieho požehnania narástlo a   dozrelo.
   </tei:p>
   <tei:p>
    Aj u Mikulov chystali si teraz na zimu. a dobre im bolo, ako ešte   nikdy nie. Mal kto ovocie posbierať; Zuzanka už len prekrajovala,   babička sušila. Aj hríbov nasbierali hojrtosť. Nedal vnuk babičke   nosiť ich dolu. „Uvidíte raz, kolko utŕžite za suché.“
   </tei:p>
   <tei:p>
    Ešte babička toľko dreva nemala, odkedy starého Mikulu trávnik   prikrýval, koľko jej ho vnuk s vnučkou nachystali. Aj ovečky, zajace   a kozičky boly dobre zá-
   </tei:p>
   <tei:p>
    32
   </tei:p>
   <tei:p>
    ﻿sobené. Okrem toho doniesol vnuk babičke teplé papuče, aj   sesternici vysoké čižmičky a každej na nové šaty. Mohol im to snadno   zadovážiť. Onezdravel v meste starý lekár, týždne musel ležať: rád   mladému lekárovi prepustil svojich nemocných. Neboli medzi nimi len   samí chudobní, ktorých liečil zadarmo; bárs však aj tí všeličoho   babičke nanosili, kto čo mohol. Po dva razy aj celý týždeň prešiel,   než sa mohol mladý Mikula domov do chalúpky vrátiť. Dva razy boli ho   aj páni, s ktorými sa soznámil, v horách navštíviť. Ked išiel do   mesta, vzal si na seba svoje americké šaty; no nič si z toho nerobil,   že ho tu pri svojej návšteve našli v kroji, ako rovnal záruby   narúbaného dreva.
   </tei:p>
   <tei:p>
    Len babička, keď ho tak videla všetkým možným ich obstarávať, bárs   nikdy o tom spolu nehovorili, cítila, že to činí preto tak dôkladne,   lebo už skoro pôjde preč.
   </tei:p>
   <tei:p>
    „Ach, synku môj pekný, ako ťa my oželieme“, myslievala starenka,   „ako tu len bez teba budeme ľ A keby si mi aspoň šťastný išiel! Nám   si svetlo priniesol, a sám blúdiš ešte bez neho!“ Ak sa modlievala   babička pred tým za vnuka, prv než ho znala, čím viac modlila sa   dnes!
   </tei:p>
   <tei:p>
    Nikdy jej žiadne z jej detí toľko lásky nepreukázalo, ako on.   Odkedy uverila, že je Pán ležiš na každý deň s ňou a že ju, starú   osobu, prijal na milosť a niesol každým krokom Bohu a nebu blíž,   nebolo nad ňu šťastnejšej osoby na svete. Predtým bola vždy spokojná,   pretože bola Bohu vdačná, teraz bola šťastná. Radosť v Bo-
   </tei:p>
   <tei:p>
    33
   </tei:p>
   <tei:p>
    ﻿hu, od ktorého ju nič nedelilo, bola jej silou. Žily si so   Zuzankou chvíľami uprostred tej krásnej prírody ako v raji. Ked vnuk   odíde, nezostanú samy, a predsa ťažko na to myslieť, že ho to   slniečko tu doma uprostred tých hôr už snáď len tak málo bude   osvecovať. On však o odchode nehovoril nikdy, no častejšie dostával   listy a býval nad nimi veľmi zamyslený.
   </tei:p>
   <tei:p>
    Bolo zase také krásne nedeľné ráno, také jesenné, kde celý ten   Boží svet ako by sa v samú peknotu bol poobliekal. Babička so   Zuzankou odišly do kostola a šuhaj vyprevadil ich kus cesty; kráčal   tými slovenskými horami sám a sám. Zrazu postál, zahľadel sa na seč,   slnkom osvietenú, na modravé, fialové vrchy, na lúky, pretečené   striebristým potokom, pokryté bujnou zeleňou. Srdce sa v ňom sovrelo.   Vedel, že to všetko opustiť musí, že taký život slobody a pokoja, aký   žil tu v tých rodných horách, už nikde na celom šírom svete žiť   nebude, že všade bude už len cudzina. Tu žil v ľudoch Kristu, robil   im dobre, bez odmeny, miloval ich ako bratov, ako sestry. Okúsil dač   z toho, čo okúšal Ježiš Nazaretský, keď žil medzi ľudom a chodil   dobre činiac. Kristus všetky slzy sotieral.
   </tei:p>
   <tei:p>
    „Ja som smel aspoň daktoré bolesti stíšiť, zostal bych najradšej   navždy medzi nimi, učil ich cez zimu, ked budú mať viac času, ako   majú žiť, aby z neopatrnosti neumreli. Kebych zadržal ten prostučký   spôsob života,.
   </tei:p>
   <tei:p>
    34
   </tei:p>
   <tei:p>
    ﻿nepotreboval bych mnoho. Ach, aspoň jeden rok čistého života,   prostého sebectva ! Ved či, keď som sa viacej naučil, nie som povinný   poslúžiť tým, ktorí v nevedomosti tonú ľ Áno, zostal by som, keby   tento život v zátiší neniesol so sebou klamné nádeje. Ved mne sa   chvíľami, ako i teraz, zdá, že splynul som znovu s Kristom, že môjho   hriechu niet. Môžem sa už zase modliť, nebo nie je viacej medené.   Slovo Božie nemá už len samé hrozby, je tam toľko krásnych zasľúbení;   ó bych mal istotu, že sú ony ešte pre mňa ! Ó, Pane Ježišu, Synu   Boží, len jedno slovo prehovor ku mne, abych mal istotu! Ak si ma   navždy zavrhol, odídem preč ztadiaľto, abych tie krásne, nájdené duše   nejako nezatienil; ak ale jestvuje pre mňa nádeja, že ešte raz predsa   prídem domov, ó, Synu Boží, daj mi len jedno jediné slovo!“
   </tei:p>
   <tei:p>
    Nad hlavou šuhaja, stojaceho s ramenami na hrudi skríženými,   šumely bory, pri nohách bublala voda vodopádu v skalách. Slnce   zlátilo doliny a zavinulo tú mladú, sklonenú hlavu v kráž svetla a v   tom nedobytnom hrade mysli, za tým jasným čelom, kde všetky   myšlienky, zlé i dobré, navždy sú ukryté, ako by dakto otvoril dvere,   a mysľou šuhaja preletely dobre známe slová — „Vtedy pristúpil k nemu   Peter a povedal: Pane, koľko ráz ak zhreší proti mne môj brat,   odpustím mu ľ Či do sedem ráz ľ — Ježiš mu rečie: Nehovorím ti, že do   sedem ráz, ale až do sedemdesiatsedem. ráz“ — každé teraz ako by malo   šíp a bodalo ním zrovná do srdca.
   </tei:p>
   <tei:p>
    35
   </tei:p>
   <tei:p>
    ﻿Ach, to teda žiadal Kristus; sedemdesiatsedem ráz odpustiť tomu,   kto by prosil! — S očí šuhajových padlý šupiny. On nikdy nekázal to,   čo sám nečiní. — Nuž, ja som Ho prosil v posledných týždňoch, znovu a   znovu prosil, a ked On tak kázal odpúšťať, či by sám neodpustil aj   mne ľ Áno, On mi odpustil, On ma prijal znovu, smiem sa už k Nemu   hlásiť. On je môj a ja som Jeho znovu a večne. —
   </tei:p>
   <tei:p>
    Štíhla, mladá postava ocitla sa v machových poduškách a slzami   vdaky a blaženosti skúpaná tvár skryla sa v nich. Sväté nedeľné ráno   zapadalo nad svetom. Tu na zemi plakal človek, ale hore, pred anjelmi   Božími znelo plesanie spoločnej radosti s Pastierom, ktorý ovcu   poblúdilú hľadal a znovu našiel. Áno, tam bola radosť väčšia ako nad   deväťdesiatimideviatimi nepoblúdilými, ktoré nepotrebujú pokánia.
   </tei:p>
   <tei:p>
    Keď vrátila sa babička s vnučkou z kostola — boly tam i na pohrebe   nejakej žene, zabavily sa až do pozdného odpoludnia, — vítal ich už   ohník v sporáku i všetko k obedu pripravené. Vnuk obsluhoval babičku   kráľovsky. Rozprávala mu jedno-druhé, no pri tom neušlo jej starým   očiam, že z tých inokedy vážnych zrakov svieti nebývalá žiara radosti   a že sa bezúsmevné rty konečne usmievajú. A ked potom, ako obyčajne,   sedeli pred chalúpkou pri západe slnka, vzal šuhaj ruku starenkinu do   svojich a hovorí:
   </tei:p>
   <tei:p>
    „Babičko moja, už sú všetky boľačky vyliečené, rany zahojené. On   ma nezavrhol na večnosť, mám už zase
   </tei:p>
   <tei:p>
    36
   </tei:p>
   <tei:p>
    ﻿pokoj v duši, bo ma už viacej nič od Neho nedelí. Krásne sú   slovenské hory; ony mi síce v svojej tíšine umožnily hľadať cestu   nazpät do pevnosti, z ktorej som bol vypadol, ale lekárstvo duše   mojej priniesť nemohly, lebo neni ho nikde, len zase na srdci Pána   Ježiša. Teraz, babičko, ked Pán Ježiš vtiahnul znova do môjho srdca,   prestala moja cudzina na zemi, a ja konečne opravdivo dakujem svojmu   nebeskému Otcovi i za tento krásny pozemský domov, za vás, babičko,   za vašu a Zuzankinu lásku, za všetko. Áno, ja až teraz prišiel som   domov.“
   </tei:p>
   <tei:p>
    „Len škoda synku“, vzdychla po chvíľke veľkého potešenia babička,   „ked ťa už dobrý Pán Boh tak milostivé potešil a ked si už naozaj   všetko, čo ťa tlačilo, pochoval, to nás iste odídeš; ba ako nám len   bude bez teba?“
   </tei:p>
   <tei:p>
    „Mýlite sa, babičko, nepôjdem prv, kým ma Pán Ježiš dakam inam   neodvolá. Chcel by som vám najprv oči zatlačiť. Odovzdal som sa Mu   celý, živý i mŕtvy. Kam ma dá, k čomu použije, ku všetkému som   hotový, no verím, cítim, že dá mi popredne priniesť ľudom svetlo tu v   tých našich horách, kde mne samému vzišlo.“
   </tei:p>
   <tei:p>
    „Nám však si ho už priniesol, synáčik môj pekný, nech ťa Pán Boh   veľmi požehná; nikdy my dve Mu dosť za teba nepoďakujeme.“
   </tei:p>
   <tei:p>
    „Ujček, a to budete tým ľudom zvestovať, že je Pán Ježiš tým   dobrým Pastierom, ktorý tie stratené ovečky prišiel hľadať ľ Tak, ako   hľadal vás i nás ľ“
   </tei:p>
   <tei:p>
    37
   </tei:p>
   <tei:p>
    ﻿„Áno, Zuzanka, ale aj, že On nielen prikázal sedemdesiatsedem ráz   odpustiť vinnému, ale aj, že popredne On sám tak činí. Toho, kto   zblúdil a znova príde k Nemu, nezaženie, nevystrčí von, a že nemusí   na zemi ani jedna zblúdilá duša zahynúť, ale každá tak, ako ja, môže   z tej cudziny prísť domov.“
   </tei:p>
   <tei:p>
    ﻿Krásna si, moja otčina! Domov môj, vlasť ty jediná! Vy šíre naše   hory, kde básnik piesne tvorí
   </tei:p>
   <tei:p>
    a snov sa rodí vidina.
   </tei:p>
   <tei:p>
    No pravé blaho v tebe niet, ach, neskrýva ho šíry svet! Tá prelesť   večnej ceny nemá, veď bez premeny
   </tei:p>
   <tei:p>
    ničoho nikde neni zrieť.
   </tei:p>
   <tei:p>
    Ako vták zemou letí čas, vyvolá, aj, hľa, zbaví krás. Dnes rodí,   zajtra morí, raz stavia a zas borí,
   </tei:p>
   <tei:p>
    smiechu i plaču nesie hlas.
   </tei:p>
   <tei:p>
    Zhlaholt piesní zvučný tón, zástony neprehluší on, bo ľudstvo   zotročené, pokoja pozbavené,
   </tei:p>
   <tei:p>
    zabudlo cestu na Sion.
   </tei:p>
   <tei:p>
    Bárs kol mňa rajsky krásny svet, predsa tu pre mňa blaha niet!   Kvet vonia, vtáctvo peje a mne sa srdce chveje
   </tei:p>
   <tei:p>
    túžbou ta hore zaletieť.
   </tei:p>
   <tei:p>
    Tam, (am do pravej otčiny, kde nejestvujú vidiny, kde krása trvá   večne, zvuk hymny nekonečne
   </tei:p>
   <tei:p>
    obtáča prestol jediný.
   </tei:p>
   <tei:p>
    PRAVÁ OTČINA.
   </tei:p>
  </tei:body>
 </tei:text>
</tei:TEI>
